datetime,temp,precip,preciptype,snow,severerisk
2014-01-01,-11,0,snow,0.6,
2014-01-02,-16.3,1.686,snow,1.6,
2014-01-03,-16.6,0.197,snow,0,
2014-01-04,-2.8,0,"rain,snow",1.2,
2014-01-05,-0.3,6.782,"rain,snow",2.1,
2014-01-06,-5.8,15.102,"rain,snow",0.8,
2014-01-07,-18,0.396,snow,0,
2014-01-08,-11.1,0,,0,
2014-01-09,-7.6,0,snow,0.8,
2014-01-10,-0.1,1.686,"rain,snow",0.7,
2014-01-11,4.5,9.382,rain,0,
2014-01-12,2.3,0,,0,
2014-01-13,4.5,0.007,rain,0,
2014-01-14,3.1,0.001,rain,0,
2014-01-15,-0.4,0,,0,
2014-01-16,-1.9,0.001,"rain,snow",1.1,
2014-01-17,0.5,1.199,"rain,snow",0.6,
2014-01-18,-3.5,0.444,"rain,snow",0.1,
2014-01-19,-4.4,0.763,snow,0.6,
2014-01-20,-7.8,0.797,"rain,snow",0.4,
2014-01-21,-17.2,0.436,snow,0,
2014-01-22,-16.2,0.003,snow,0,
2014-01-23,-14.4,0.01,snow,0.3,
2014-01-24,-12.1,0,snow,0.2,
2014-01-25,-6.9,1.478,snow,1.2,
2014-01-26,-10.4,0.901,snow,3.9,
2014-01-27,-9.6,2.056,snow,2.3,
2014-01-28,-14.8,0.195,snow,0,
2014-01-29,-12.6,0,,0,
2014-01-30,-5.4,0,,0,
2014-01-31,-0.6,0.002,"rain,snow",0.6,
2014-02-01,0.1,10.352,"rain,snow",3.7,
2014-02-02,-2,3.438,"rain,snow",2,
2014-02-03,-6,0.195,snow,0,
2014-02-04,-6.8,0.195,snow,2.9,
2014-02-05,-6.8,8.556,snow,9.4,
2014-02-06,-9.2,0.39,snow,4.6,
2014-02-07,-10.7,0,,0,
2014-02-08,-11.4,0,,0,
2014-02-09,-9.4,1.376,snow,0.6,
2014-02-10,-9.2,0.242,snow,0.4,
2014-02-11,-10.4,0,,0,
2014-02-12,-9.5,0,,0,
2014-02-13,-5.2,0,,0,
2014-02-14,-2.5,0.001,"rain,snow",0,
2014-02-15,-5.6,0,,0,
2014-02-16,-10.5,0.008,snow,0.1,
2014-02-17,-8.5,0,snow,3.8,
2014-02-18,-1.7,4.936,"rain,snow",3.2,
2014-02-19,1.9,0.409,"rain,snow",0,
2014-02-20,0.7,12.189,"rain,snow",0,
2014-02-21,2.8,8.64,"rain,snow",0.5,
2014-02-22,2.1,0,,0,
2014-02-23,-1.9,0,,0,
2014-02-24,-6.1,0,,0,
2014-02-25,-7.8,0,,0,
2014-02-26,-11.3,0.001,snow,0,
2014-02-27,-11.4,0.241,snow,0,
2014-02-28,-13.2,0,,0,
2014-03-01,-5,1.64,"rain,snow",3.8,
2014-03-02,-11.3,2.05,snow,2.3,
2014-03-03,-14.4,0.195,snow,0,
2014-03-04,-11.1,0.594,snow,0.3,
2014-03-05,-7.5,0.199,snow,0.2,
2014-03-06,-6.2,0.013,snow,0,
2014-03-07,-1.2,0.24,"rain,snow",0,
2014-03-08,-0.3,0,,0,
2014-03-09,-3.9,0,,0,
2014-03-10,3.3,0,,0,
2014-03-11,6.1,0,,0,
2014-03-12,-2.8,8.909,"rain,snow",8.9,
2014-03-13,-11.1,0.001,snow,5.3,
2014-03-14,2.2,0,,0,
2014-03-15,1.6,0,,0,
2014-03-16,-9.3,0,,0,
2014-03-17,-8.4,0,,0,
2014-03-18,-1.2,0,,0,
2014-03-19,2.9,5.507,rain,0,
2014-03-20,2.3,0.389,rain,0,
2014-03-21,0.2,0,,0,
2014-03-22,1.3,0.893,"rain,snow",0,
2014-03-23,-6.5,0,,0,
2014-03-24,-6.2,0,,0,
2014-03-25,-3.2,0.001,"rain,snow",0,
2014-03-26,-7.1,0,,0,
2014-03-27,-1.2,0.06,"rain,snow",0,
2014-03-28,5.4,3.08,rain,0,
2014-03-29,2.7,0.002,rain,0,
2014-03-30,3.9,0.006,"rain,snow",0,
2014-03-31,5.3,0,,0,
2014-04-01,4.6,0,,0,
2014-04-02,4.3,0,,0,
2014-04-03,1.5,0.435,"rain,snow",0,
2014-04-04,3.1,13.228,rain,0,
2014-04-05,2.7,0.16,rain,0,
2014-04-06,4.6,0,,0,
2014-04-07,5.2,8.101,rain,0,
2014-04-08,6.7,12.164,rain,0,
2014-04-09,6.2,0,,0,
2014-04-10,9.4,0.004,rain,0,
2014-04-11,9.7,0,,0,
2014-04-12,9.8,0.39,rain,0,
2014-04-13,10.8,7.708,rain,0,
2014-04-14,12.6,7.244,rain,0,
2014-04-15,0,8.674,"rain,snow",0,
2014-04-16,-0.8,0,,0,
2014-04-17,3.6,0,,0,
2014-04-18,7.9,0.255,rain,0,
2014-04-19,6,0.195,rain,0,
2014-04-20,7.3,0,,0,
2014-04-21,11.8,0,,0,
2014-04-22,10.2,3.467,rain,0,
2014-04-23,5.9,0.059,rain,0,
2014-04-24,7.1,0,,0,
2014-04-25,7.4,1.793,rain,0,
2014-04-26,6.5,0.367,rain,0,
2014-04-27,7,0,,0,
2014-04-28,9,0,,0,
2014-04-29,6.6,32.27,rain,0,
2014-04-30,5.8,6.095,rain,0,
2014-05-01,9.4,2.569,rain,0,
2014-05-02,9.6,0.003,rain,0,
2014-05-03,9.2,1.639,rain,0,
2014-05-04,10,0.24,rain,0,
2014-05-05,9.5,0.001,rain,0,
2014-05-06,11,0,,0,
2014-05-07,10.1,0.195,rain,0,
2014-05-08,13.1,0,,0,
2014-05-09,14.5,0.401,rain,0,
2014-05-10,17.3,0.2,rain,0,
2014-05-11,15.3,0,,0,
2014-05-12,16.1,0,,0,
2014-05-13,14.3,6.303,rain,0,
2014-05-14,16.3,15.58,rain,0,
2014-05-15,15.1,7.792,rain,0,
2014-05-16,10.5,5.637,rain,0,
2014-05-17,7.9,0,,0,
2014-05-18,10.1,0.988,rain,0,
2014-05-19,13.9,0.355,rain,0,
2014-05-20,15.1,0.994,rain,0,
2014-05-21,14.8,0.246,rain,0,
2014-05-22,16.2,0.002,rain,0,
2014-05-23,13.9,0.017,rain,0,
2014-05-24,17.3,0,,0,
2014-05-25,18.6,0,,0,
2014-05-26,23,0.195,rain,0,
2014-05-27,21.9,6.308,rain,0,
2014-05-28,15.6,0,,0,
2014-05-29,14.7,0,,0,
2014-05-30,18.6,0,,0,
2014-05-31,19.1,0,,0,
2014-06-01,17,0.195,rain,0,
2014-06-02,20.2,0,,0,
2014-06-03,20.9,6.13,rain,0,
2014-06-04,18.3,0,,0,
2014-06-05,15.6,0,,0,
2014-06-06,18,0,,0,
2014-06-07,19.6,0,,0,
2014-06-08,17.9,0.198,rain,0,
2014-06-09,20.5,0.217,rain,0,
2014-06-10,20.3,0,,0,
2014-06-11,18,2.54,rain,0,
2014-06-12,19.7,15.305,rain,0,
2014-06-13,19.6,0.016,rain,0,
2014-06-14,15.6,0,,0,
2014-06-15,16.2,0.195,rain,0,
2014-06-16,17.4,0.441,rain,0,
2014-06-17,19.8,18.36,rain,0,
2014-06-18,21,5.808,rain,0,
2014-06-19,20.4,0.595,rain,0,
2014-06-20,18.3,0.195,rain,0,
2014-06-21,19.5,0,,0,
2014-06-22,20.4,0,,0,
2014-06-23,19.7,2.514,rain,0,
2014-06-24,21.9,2.864,rain,0,
2014-06-25,21.3,27.27,rain,0,
2014-06-26,22.3,3.469,rain,0,
2014-06-27,22.7,0.195,rain,0,
2014-06-28,23.5,0.48,rain,0,
2014-06-29,24.8,5.092,rain,0,
2014-06-30,24.9,1.855,rain,0,
2014-07-01,25.7,1.241,rain,0,
2014-07-02,24,0.004,rain,0,
2014-07-03,19.4,0.632,rain,0,
2014-07-04,18.7,0,,0,
2014-07-05,21.1,0,,0,
2014-07-06,21.6,0,,0,
2014-07-07,21.1,10.122,rain,0,
2014-07-08,20.4,17.58,rain,0,
2014-07-09,19,0.355,rain,0,
2014-07-10,18.1,0,,0,
2014-07-11,19.5,0,,0,
2014-07-12,22.4,0.39,rain,0,
2014-07-13,24.3,7.412,rain,0,
2014-07-14,19.8,0,,0,
2014-07-15,19.6,5.89,rain,0,
2014-07-16,17.6,2.26,rain,0,
2014-07-17,17.7,0.673,rain,0,
2014-07-18,19.3,0,,0,
2014-07-19,18.9,5.011,rain,0,
2014-07-20,20.2,1.841,rain,0,
2014-07-21,22,0.195,rain,0,
2014-07-22,24.1,0,,0,
2014-07-23,21.8,2.166,rain,0,
2014-07-24,18.8,0,,0,
2014-07-25,19.7,0,,0,
2014-07-26,21.2,0.001,rain,0,
2014-07-27,23.5,2.029,rain,0,
2014-07-28,18.2,19.542,rain,0,
2014-07-29,17.6,0.596,rain,0,
2014-07-30,18.4,5.676,rain,0,
2014-07-31,19.5,0,,0,
2014-08-01,21.4,0.007,rain,0,
2014-08-02,21.5,0,,0,
2014-08-03,22.2,0.004,rain,0,
2014-08-04,21.1,2.099,rain,0,
2014-08-05,20.4,0.019,rain,0,
2014-08-06,20.9,0,,0,
2014-08-07,21.4,0,,0,
2014-08-08,20.9,0,,0,
2014-08-09,21.7,0,,0,
2014-08-10,22.1,0,,0,
2014-08-11,22.8,0,,0,
2014-08-12,21.9,20.902,rain,0,
2014-08-13,19.3,0,,0,
2014-08-14,15.5,0,,0,
2014-08-15,17.2,0,,0,
2014-08-16,13.9,0.987,rain,0,
2014-08-17,17.8,0,,0,
2014-08-18,17.2,0,,0,
2014-08-19,17.6,0,,0,
2014-08-20,20,0.659,rain,0,
2014-08-21,20.9,5.472,rain,0,
2014-08-22,20.8,0,,0,
2014-08-23,20.5,0,,0,
2014-08-24,20.8,0,,0,
2014-08-25,21.9,0,,0,
2014-08-26,23.8,0,,0,
2014-08-27,21.4,0,,0,
2014-08-28,18,0,,0,
2014-08-29,18.3,0,,0,
2014-08-30,22.5,1.396,rain,0,
2014-08-31,25.1,0,,0,
2014-09-01,23.3,0.595,rain,0,
2014-09-02,21.4,13.961,rain,0,
2014-09-03,20.9,0,,0,
2014-09-04,23,0,,0,
2014-09-05,24.5,11.396,rain,0,
2014-09-06,19.3,17.695,rain,0,
2014-09-07,17.2,0,,0,
2014-09-08,18.6,0,,0,
2014-09-09,20.1,0,,0,
2014-09-10,20.9,6.493,rain,0,
2014-09-11,17.1,9.273,rain,0,
2014-09-12,12.5,0,,0,
2014-09-13,12,0.599,rain,0,
2014-09-14,12.2,0,,0,
2014-09-15,14.6,4.53,rain,0,
2014-09-16,14.8,0.446,rain,0,
2014-09-17,15,0,,0,
2014-09-18,12.9,0,,0,
2014-09-19,11.2,0,,0,
2014-09-20,18,0.595,rain,0,
2014-09-21,19.7,20.849,rain,0,
2014-09-22,11.5,0.789,rain,0,
2014-09-23,15.1,0,,0,
2014-09-24,16.3,0,,0,
2014-09-25,17.1,0,,0,
2014-09-26,17.1,0,,0,
2014-09-27,18.1,0,,0,
2014-09-28,18.7,0,,0,
2014-09-29,19.1,0,,0,
2014-09-30,17.3,0.001,rain,0,
2014-10-01,15.6,0,,0,
2014-10-02,16.3,0,,0,
2014-10-03,18.1,4.024,rain,0,
2014-10-04,12.1,5.204,rain,0,
2014-10-05,9.4,0,,0,
2014-10-06,13.7,0.392,rain,0,
2014-10-07,13.3,14.265,rain,0,
2014-10-08,11.7,1.559,rain,0,
2014-10-09,10,0.096,rain,0,
2014-10-10,9.6,0,,0,
2014-10-11,8.9,0,,0,
2014-10-12,8.1,0,,0,
2014-10-13,12.4,0.002,rain,0,
2014-10-14,17.8,0,,0,
2014-10-15,15.7,3.033,rain,0,
2014-10-16,15.2,16.765,rain,0,
2014-10-17,13.3,2.441,rain,0,
2014-10-18,10.1,0.004,rain,0,
2014-10-19,5.9,0,,0,
2014-10-20,9,7.033,rain,0,
2014-10-21,9.4,2.386,rain,0,
2014-10-22,8.3,0.059,rain,0,
2014-10-23,10.8,0,,0,
2014-10-24,9.3,0,,0,
2014-10-25,12.7,0,,0,
2014-10-26,10.2,0,,0,
2014-10-27,8.1,0,,0,
2014-10-28,13.8,1.415,rain,0,
2014-10-29,10.3,0.195,rain,0,
2014-10-30,7.2,0,,0,
2014-10-31,6.6,10.606,rain,0,
2014-11-01,2.4,4.83,"rain,snow",0,
2014-11-02,2.9,0,,0,
2014-11-03,9,0,,0,
2014-11-04,11,3.86,rain,0,
2014-11-05,8.5,0.196,rain,0,
2014-11-06,7.8,1.89,rain,0,
2014-11-07,3.1,2.59,rain,0,
2014-11-08,4.6,0.894,rain,0,
2014-11-09,5.2,0.001,rain,0,
2014-11-10,7.4,0.3,rain,0,
2014-11-11,11.6,0.196,rain,0,
2014-11-12,4.4,0.258,rain,0,
2014-11-13,0.7,0.39,"rain,snow",0,
2014-11-14,-0.5,0.195,"rain,snow",0,
2014-11-15,-0.3,0,,0,
2014-11-16,0,0.997,"rain,snow",1.7,
2014-11-17,0.3,7.674,"rain,snow",1,
2014-11-18,-5.4,0.254,snow,0,
2014-11-19,-4.5,2.227,"rain,snow",1.7,
2014-11-20,-3.3,0.022,"rain,snow",1,
2014-11-21,-4.6,0.195,snow,0,
2014-11-22,1.7,1.193,rain,0,
2014-11-23,7.3,0.451,rain,0,
2014-11-24,9.6,15.951,rain,0,
2014-11-25,3,0,,0,
2014-11-26,1.6,0,,0,
2014-11-27,0.2,0.157,"rain,snow",0,
2014-11-28,-3.5,0.002,snow,0,
2014-11-29,1.6,0,,0,
2014-11-30,9.2,0.016,rain,0,
2014-12-01,0.7,0.059,rain,0,
2014-12-02,-3.3,0.199,"rain,snow",0,
2014-12-03,2,0.61,"rain,snow",0.2,
2014-12-04,-1.3,0,,0,
2014-12-05,1.5,0,,0,
2014-12-06,3.4,0,,0,
2014-12-07,-2.7,0,,0,
2014-12-08,1.4,0,,0,
2014-12-09,4,0.001,"rain,snow",0,
2014-12-10,-1.5,0.101,"rain,snow",4.5,
2014-12-11,-3.9,14.489,snow,5.4,
2014-12-12,-0.1,1.492,"rain,snow",1.6,
2014-12-13,2.3,0.574,rain,0,
2014-12-14,3.4,0.255,rain,0,
2014-12-15,3.7,0,,0,
2014-12-16,3.6,4.048,rain,0,
2014-12-17,3.3,5.691,"rain,snow",0,
2014-12-18,-0.5,0.061,"rain,snow",0,
2014-12-19,-2.5,0,,0,
2014-12-20,-2.3,0,,0,
2014-12-21,0.3,0,,0,
2014-12-22,1.1,0,,0,
2014-12-23,4.2,0,,0,
2014-12-24,7.8,7.367,rain,0,
2014-12-25,5,0.944,rain,0,
2014-12-26,4.4,0,,0,
2014-12-27,6.6,0,,0,
2014-12-28,3.2,0.125,rain,0,
2014-12-29,-1,0.001,"rain,snow",0,
2014-12-30,-4.7,0,,0,
2014-12-31,-6.4,0.004,snow,0,
2015-01-01,-4,0,,0,
2015-01-02,-2,0.004,snow,0,
2015-01-03,-0.3,9.037,"rain,snow",0.2,
2015-01-04,2.2,10.818,"rain,snow",0.5,
2015-01-05,-9.4,0.259,snow,0.3,
2015-01-06,-9.5,0.002,snow,0,
2015-01-07,-14.1,0.244,snow,0,
2015-01-08,-10.7,0.196,snow,0.6,
2015-01-09,-8.2,1.139,snow,0.4,
2015-01-10,-11.5,0.002,snow,0,
2015-01-11,-3.2,0,"rain,snow",0.3,
2015-01-12,-3.1,1.676,"rain,snow",1,
2015-01-13,-14.1,0.195,snow,0,
2015-01-14,-7.2,0,,0,
2015-01-15,-6.8,0,,0,
2015-01-16,-6.5,0.001,snow,0,
2015-01-17,-5.9,0.007,snow,0,
2015-01-18,3.6,1.048,"rain,snow",0,
2015-01-19,-2,0.058,"rain,snow",0,
2015-01-20,-8.2,0,,0,
2015-01-21,-6.1,0,,0,
2015-01-22,-3.5,0,,0,
2015-01-23,-1.5,0,,0,
2015-01-24,-1.5,0.001,"rain,snow",0,
2015-01-25,-7.8,0,snow,0.3,
2015-01-26,-10,0,snow,0.2,
2015-01-27,-8.7,0.337,snow,0,
2015-01-28,-6,0,,0,
2015-01-29,-1.4,5.863,"rain,snow",2.3,
2015-01-30,-8.5,0.201,"rain,snow",1.3,
2015-01-31,-7.6,0,,0,
2015-02-01,-8.3,2.397,snow,4.7,
2015-02-02,-13,7.577,snow,6.4,
2015-02-03,-8.6,0.001,snow,0,
2015-02-04,-3,1.137,"rain,snow",0.6,
2015-02-05,-10.6,0,,0,
2015-02-06,-6.9,0.6,snow,0.1,
2015-02-07,-3.3,3.671,"rain,snow",1.4,
2015-02-08,-9.2,1.341,snow,2.3,
2015-02-09,-10.7,0.576,snow,0.1,
2015-02-10,-6.7,0,,0,
2015-02-11,-3.3,0.649,"rain,snow",0.3,
2015-02-12,-10.5,0.195,"rain,snow",0.2,
2015-02-13,-14.9,0.001,snow,0,
2015-02-14,-9.3,0.394,snow,0.8,
2015-02-15,-21.3,0.199,snow,0,
2015-02-16,-17.1,0.001,snow,0,
2015-02-17,-10.7,0,snow,0.4,
2015-02-18,-9.1,0.208,snow,0.2,
2015-02-19,-16.4,0,,0,
2015-02-20,-17.1,0.195,snow,2.2,
2015-02-21,-8.3,5.366,snow,2,
2015-02-22,-7.9,0.196,snow,0.5,
2015-02-23,-16.8,0.195,snow,0,
2015-02-24,-11.9,0,snow,0.3,
2015-02-25,-9.8,0.196,snow,0.2,
2015-02-26,-12.5,0.001,snow,0,
2015-02-27,-12.9,0,,0,
2015-02-28,-9.4,0,,0,
2015-03-01,-5.5,0.004,snow,0,
2015-03-02,-4.5,0.001,snow,0,
2015-03-03,-4.9,4.341,"rain,snow",0.9,
2015-03-04,-0.7,0.757,"rain,snow",0.5,
2015-03-05,-11.7,0,,0,
2015-03-06,-9.2,0,,0,
2015-03-07,-2.9,0.001,"rain,snow",0.1,
2015-03-08,0,0,,0,
2015-03-09,2.7,0,,0,
2015-03-10,2,0,,0,
2015-03-11,5.2,0.096,rain,0,
2015-03-12,1.2,0,,0,
2015-03-13,1.3,0,,0,
2015-03-14,3.8,0.581,rain,0,
2015-03-15,3.1,0,,0,
2015-03-16,3.9,0.956,rain,0,
2015-03-17,2.6,1.626,"rain,snow",0,
2015-03-18,-1.4,0,,0,
2015-03-19,-1.7,0,,0,
2015-03-20,2.3,0,,0,
2015-03-21,2.7,3.868,"rain,snow",0.1,
2015-03-22,-5,0.001,snow,0,
2015-03-23,-6.3,0,,0,
2015-03-24,-3.4,0,,0,
2015-03-25,1.4,2.139,"rain,snow",0,
2015-03-26,3.7,1.559,"rain,snow",0.3,
2015-03-27,-2.1,0,,0,
2015-03-28,-5.1,0,,0,
2015-03-29,-0.6,0,,0,
2015-03-30,4.3,0.001,rain,0,
2015-03-31,1.5,0,,0,
2015-04-01,2.1,0,,0,
2015-04-02,7.5,1.88,rain,0,
2015-04-03,7.7,2.647,rain,0,
2015-04-04,2.7,1.191,"rain,snow",0,
2015-04-05,0.6,0.396,"rain,snow",0.2,
2015-04-06,3.4,0,,0,
2015-04-07,3.9,0,,0,
2015-04-08,2.7,14.818,"rain,snow",0.2,
2015-04-09,3.8,3.078,rain,0,
2015-04-10,10,9.216,rain,0,
2015-04-11,6.7,0,,0,
2015-04-12,9.9,0,,0,
2015-04-13,11.8,2.395,rain,0,
2015-04-14,11.2,0.756,rain,0,
2015-04-15,10.3,0,,0,
2015-04-16,9.4,0.001,rain,0,
2015-04-17,13,0.715,rain,0,
2015-04-18,14.1,0,,0,
2015-04-19,8,0,,0,
2015-04-20,9,33.571,rain,0,
2015-04-21,7.7,4.926,rain,0,
2015-04-22,5.4,0.631,rain,0,
2015-04-23,1.7,0,,0,
2015-04-24,3,0,,0,
2015-04-25,4.7,0,,0,
2015-04-26,8,0,,0,
2015-04-27,8.7,0.002,rain,0,
2015-04-28,12.4,0,,0,
2015-04-29,13.1,0,,0,
2015-04-30,12.3,0,,0,
2015-05-01,14.8,0,,0,
2015-05-02,14.9,0,,0,
2015-05-03,16.6,0,,0,
2015-05-04,16.7,0.395,rain,0,
2015-05-05,13.4,0,,0,
2015-05-06,14.9,0,,0,
2015-05-07,16.4,0,,0,
2015-05-08,17.9,0.002,rain,0,
2015-05-09,19.7,0,,0,
2015-05-10,20,2.043,rain,0,
2015-05-11,14.6,3.145,rain,0,
2015-05-12,14.3,1.335,rain,0,
2015-05-13,10.1,0,,0,
2015-05-14,11.3,0,,0,
2015-05-15,11.5,0.098,rain,0,
2015-05-16,16.7,0,,0,
2015-05-17,17.1,0,,0,
2015-05-18,19.3,0,,0,
2015-05-19,14.7,0,,0,
2015-05-20,9.3,0,,0,
2015-05-21,13.5,0,,0,
2015-05-22,11.2,0,,0,
2015-05-23,11.1,0,,0,
2015-05-24,17.7,0,,0,
2015-05-25,19.5,0.001,rain,0,
2015-05-26,22,0,,0,
2015-05-27,19.8,0.003,rain,0,
2015-05-28,19.8,0,,0,
2015-05-29,18.9,0.003,rain,0,
2015-05-30,19.6,17.67,rain,0,
2015-05-31,9.3,24.783,rain,0,
2015-06-01,11.8,0.582,rain,0,
2015-06-02,13.3,0,,0,
2015-06-03,13.9,0,,0,
2015-06-04,15.8,0,,0,
2015-06-05,18.2,18.559,rain,0,
2015-06-06,14.4,0,,0,
2015-06-07,14.6,0.011,rain,0,
2015-06-08,18.5,34.963,rain,0,
2015-06-09,18.1,1.14,rain,0,
2015-06-10,18.5,22.151,rain,0,
2015-06-11,18.5,0,,0,
2015-06-12,17.1,5.717,rain,0,
2015-06-13,18,0,,0,
2015-06-14,17.3,2.797,rain,0,
2015-06-15,19.5,0.008,rain,0,
2015-06-16,21.9,22.355,rain,0,
2015-06-17,18.2,0,,0,
2015-06-18,20.2,0,,0,
2015-06-19,18,0,,0,
2015-06-20,17.3,0,,0,
2015-06-21,22.1,0,,0,
2015-06-22,21.5,0.457,rain,0,
2015-06-23,21.5,21.463,rain,0,
2015-06-24,19.5,0,,0,
2015-06-25,19.4,0,,0,
2015-06-26,19.7,0,,0,
2015-06-27,16.7,28.947,rain,0,
2015-06-28,13.5,19.126,rain,0,
2015-06-29,18.6,0.001,rain,0,
2015-06-30,16.7,0.001,rain,0,
2015-07-01,19,0,,0,
2015-07-02,17.9,0,,0,
2015-07-03,17.8,0,,0,
2015-07-04,19.7,0,,0,
2015-07-05,21.5,0,,0,
2015-07-06,22,0,,0,
2015-07-07,21.9,9.862,rain,0,
2015-07-08,17.9,0.289,rain,0,
2015-07-09,18.3,0.006,rain,0,
2015-07-10,20.4,0,,0,
2015-07-11,22.5,0,,0,
2015-07-12,23.5,0,,0,
2015-07-13,23,0,,0,
2015-07-14,22.5,1.157,rain,0,
2015-07-15,17.6,0.348,rain,0,
2015-07-16,18.7,0,,0,
2015-07-17,18.5,4.734,rain,0,
2015-07-18,23.8,0.064,rain,0,
2015-07-19,25.7,0.153,rain,0,
2015-07-20,23.3,0,,0,
2015-07-21,23.1,0,,0,
2015-07-22,20.9,0,,0,
2015-07-23,21.2,0,,0,
2015-07-24,22,0,,0,
2015-07-25,24,0,,0,
2015-07-26,24.3,0,,0,
2015-07-27,25.8,0,,0,
2015-07-28,26.3,0,,0,
2015-07-29,26.4,0,,0,
2015-07-30,26.3,0,,0,
2015-07-31,23.6,0.018,rain,0,
2015-08-01,21.3,0.505,rain,0,
2015-08-02,20.9,6.779,rain,0,
2015-08-03,21,4.189,rain,0,
2015-08-04,19.7,2.421,rain,0,
2015-08-05,19.2,0.88,rain,0,
2015-08-06,18.6,0,,0,
2015-08-07,19.8,0,,0,
2015-08-08,19.7,0,,0,
2015-08-09,20.3,0,,0,
2015-08-10,18.8,13.623,rain,0,
2015-08-11,21.4,0.686,rain,0,
2015-08-12,19.9,0,,0,
2015-08-13,20,0,,0,
2015-08-14,22.1,3.402,rain,0,
2015-08-15,23.6,0,,0,
2015-08-16,24.4,0,,0,
2015-08-17,25,0,,0,
2015-08-18,23.1,0.421,rain,0,
2015-08-19,24.2,0,,0,
2015-08-20,23.2,7.966,rain,0,
2015-08-21,19.8,0,,0,
2015-08-22,19.1,0,,0,
2015-08-23,19.9,0,,0,
2015-08-24,21,0.943,rain,0,
2015-08-25,17.9,0,,0,
2015-08-26,17.7,0,,0,
2015-08-27,17.1,0,,0,
2015-08-28,18,0,,0,
2015-08-29,19.6,0,,0,
2015-08-30,22,0,,0,
2015-08-31,23.7,0,,0,
2015-09-01,22.8,0,,0,
2015-09-02,24.2,1.086,rain,0,
2015-09-03,24.8,0,,0,
2015-09-04,23.7,0,,0,
2015-09-05,23.7,0,,0,
2015-09-06,25,0.013,rain,0,
2015-09-07,26.2,0.642,rain,0,
2015-09-08,25.4,6.413,rain,0,
2015-09-09,22.8,7.075,rain,0,
2015-09-10,19.3,0,,0,
2015-09-11,18.6,0.835,rain,0,
2015-09-12,13.9,17.412,rain,0,
2015-09-13,13,5.243,rain,0,
2015-09-14,16.8,0,,0,
2015-09-15,19.9,0,,0,
2015-09-16,21.6,0,,0,
2015-09-17,21.7,0,,0,
2015-09-18,21.6,0,,0,
2015-09-19,19.8,5.487,rain,0,
2015-09-20,14.5,0,,0,
2015-09-21,15.5,0,,0,
2015-09-22,16.8,0,,0,
2015-09-23,18,0,,0,
2015-09-24,18.8,0,,0,
2015-09-25,17.7,0,,0,
2015-09-26,16,0,,0,
2015-09-27,18.1,0.001,rain,0,
2015-09-28,19.6,2.148,rain,0,
2015-09-29,18.3,9.789,rain,0,
2015-09-30,14.6,0.001,rain,0,
2015-10-01,10.7,0,,0,
2015-10-02,9.7,0,,0,
2015-10-03,10.2,0.063,rain,0,
2015-10-04,12.4,0.004,rain,0,
2015-10-05,13.2,0.004,rain,0,
2015-10-06,14.8,0.002,rain,0,
2015-10-07,15.2,0,,0,
2015-10-08,12,0.001,rain,0,
2015-10-09,12.8,7.614,rain,0,
2015-10-10,11.1,0,,0,
2015-10-11,16.3,0,,0,
2015-10-12,17.7,5.791,rain,0,
2015-10-13,15.8,0.576,rain,0,
2015-10-14,11.1,0,,0,
2015-10-15,11,2.113,rain,0,
2015-10-16,8.8,0.491,rain,0,
2015-10-17,3.3,0,,0,
2015-10-18,3.1,0,,0,
2015-10-19,8.2,0.355,rain,0,
2015-10-20,14.5,0.515,rain,0,
2015-10-21,11.2,0.001,rain,0,
2015-10-22,13.6,1.837,rain,0,
2015-10-23,6.3,0,,0,
2015-10-24,10.1,7.251,rain,0,
2015-10-25,11.2,3.214,rain,0,
2015-10-26,7.5,0,,0,
2015-10-27,8.4,0,,0,
2015-10-28,11.1,55.943,rain,0,
2015-10-29,9.3,0.512,rain,0,
2015-10-30,6.8,0,,0,
2015-10-31,7.6,0,,0,
2015-11-01,11.8,4.252,rain,0,
2015-11-02,10.3,0,,0,
2015-11-03,13.7,0,,0,
2015-11-04,12.2,0,,0,
2015-11-05,14.4,0,,0,
2015-11-06,14.8,2.97,rain,0,
2015-11-07,8.8,0.002,rain,0,
2015-11-08,6.6,0,,0,
2015-11-09,6.8,0,,0,
2015-11-10,7.9,12.75,rain,0,
2015-11-11,9.5,2.894,rain,0,
2015-11-12,9.6,1.287,rain,0,
2015-11-13,7.4,0,,0,
2015-11-14,4.1,0,,0,
2015-11-15,8.8,0,,0,
2015-11-16,8,0,,0,
2015-11-17,6.1,0,,0,
2015-11-18,10.7,0.639,rain,0,
2015-11-19,12.7,0.841,rain,0,
2015-11-20,4.8,0,,0,
2015-11-21,4.6,1.192,rain,0,
2015-11-22,1.7,2.034,"rain,snow",0,
2015-11-23,-0.5,0,,0,
2015-11-24,2.8,0.852,"rain,snow",0,
2015-11-25,5,0.195,rain,0,
2015-11-26,10.4,0,,0,
2015-11-27,9,1.886,"rain,snow",0,
2015-11-28,1,0.587,"rain,snow",0,
2015-11-29,0.8,0,,0,
2015-11-30,1.5,0,,0,
2015-12-01,5.9,1.588,rain,0,
2015-12-02,5.9,0.195,rain,0,
2015-12-03,4.8,0,,0,
2015-12-04,5.6,0,,0,
2015-12-05,4.4,0,rain,0.1,
2015-12-06,2.4,0,"rain,snow",0.2,
2015-12-07,4.1,0,,0,
2015-12-08,5.1,0,,0,
2015-12-09,8.2,0,,0,
2015-12-10,8.4,0.057,rain,0,
2015-12-11,9.7,0,,0,
2015-12-12,7.2,0.39,rain,0,
2015-12-13,6.4,0.058,rain,0,
2015-12-14,10,2.725,rain,0,
2015-12-15,7.3,0.623,rain,0,
2015-12-16,4,0.733,rain,0,
2015-12-17,6.9,0.59,rain,0,
2015-12-18,1.9,0,,0,
2015-12-19,-1.2,0,,0,
2015-12-20,1.6,0,,0,
2015-12-21,6.5,2.927,rain,0,
2015-12-22,9.6,2.087,rain,0,
2015-12-23,8.8,0.291,rain,0,
2015-12-24,10.9,0.511,rain,0,
2015-12-25,7,0.001,rain,0,
2015-12-26,3.5,0.241,rain,0,
2015-12-27,2.7,4.45,rain,0,
2015-12-28,-3.2,6.358,"rain,snow",1.5,
2015-12-29,3.1,41.321,"rain,snow",3.1,
2015-12-30,3,0.057,rain,0,
2015-12-31,1.6,0.002,"rain,snow",0,
2016-01-01,-0.9,0.646,"rain,snow",0,
2016-01-02,-0.6,0.195,"rain,snow",0,
2016-01-03,-1.1,0.195,"rain,snow",0,
2016-01-04,-11.8,0.55,snow,0,
2016-01-05,-7.4,0,,0,
2016-01-06,-0.7,0.24,"rain,snow",0,
2016-01-07,0.7,1.03,"rain,snow",0,
2016-01-08,2.4,1.844,rain,0,
2016-01-09,6.1,4.472,rain,0.1,
2016-01-10,3.4,26.217,"rain,snow",0.2,
2016-01-11,-6.7,0.197,snow,2.3,
2016-01-12,-4.6,2.576,"rain,snow",4.1,
2016-01-13,-7.5,0,,0,
2016-01-14,-4,0.543,snow,0.2,
2016-01-15,1.7,0.597,"rain,snow",0,
2016-01-16,0.9,1.318,"rain,snow",0,
2016-01-17,-3.1,0.005,"rain,snow",0.3,
2016-01-18,-8.6,0.597,snow,0.2,
2016-01-19,-6.9,1.022,snow,0,
2016-01-20,-3.7,0.001,snow,0,
2016-01-21,-4.4,37.85,snow,0,
2016-01-22,-4.1,0.79,snow,0,
2016-01-23,-6.2,0.48,snow,0,
2016-01-24,-3.6,0,,0,
2016-01-25,1.8,16.329,"rain,snow",0,
2016-01-26,4.2,0.496,rain,0,
2016-01-27,0.2,0.801,"rain,snow",0.3,
2016-01-28,0.7,0.846,"rain,snow",0,
2016-01-29,-4.2,0.059,"rain,snow",0,
2016-01-30,1.2,0,,0,
2016-01-31,5.9,2.524,rain,0,
2016-02-01,5.3,0.509,rain,0,
2016-02-02,1.7,1.087,"rain,snow",0,
2016-02-03,7.5,7.258,"rain,snow",0,
2016-02-04,2.4,0.096,rain,0,
2016-02-05,0.2,0.003,"rain,snow",0,
2016-02-06,1.8,0,,0,
2016-02-07,2.8,51.944,rain,0,
2016-02-08,2.5,15.831,"rain,snow",0.9,
2016-02-09,-0.3,0.069,"rain,snow",1.8,
2016-02-10,-3.5,0.213,"rain,snow",0,
2016-02-11,-11.8,0.585,snow,0,
2016-02-12,-7.2,0,snow,0.3,
2016-02-13,-19.4,0.442,snow,0.2,
2016-02-14,-16.1,0.001,snow,0.3,
2016-02-15,-4.5,0.601,"rain,snow",2.6,
2016-02-16,-0.3,5.676,"rain,snow",3.5,
2016-02-17,-2.5,6.24,"rain,snow",1.6,
2016-02-18,-7.2,0,snow,0.2,
2016-02-19,1.6,1.394,"rain,snow",0,
2016-02-20,7.8,0.198,rain,0,
2016-02-21,3.8,0,,0,
2016-02-22,-1.5,0.435,"rain,snow",0,
2016-02-23,-1,0,,0,
2016-02-24,0.9,11.871,"rain,snow",4.5,
2016-02-25,-0.3,2.982,"rain,snow",0.7,
2016-02-26,-5.6,0.195,snow,0.4,
2016-02-27,1.3,0,,0,
2016-02-28,7.9,0,,0,
2016-02-29,2.1,0.403,"rain,snow",0,
2016-03-01,-7.2,3.564,snow,3.6,
2016-03-02,-7.3,2.081,snow,8.2,
2016-03-03,-6.1,0.001,snow,0.9,
2016-03-04,-2.3,0.351,"rain,snow",0.5,
2016-03-05,-1,0.114,"rain,snow",0.1,
2016-03-06,-0.2,0,,0,
2016-03-07,6.3,0,,0,
2016-03-08,7.4,0,,0,
2016-03-09,11.8,0,,0,
2016-03-10,10.1,4.956,rain,0,
2016-03-11,4.2,0,,0,
2016-03-12,6.8,0.195,rain,0,
2016-03-13,6.8,0.001,rain,0,
2016-03-14,6.1,9.451,rain,0,
2016-03-15,8,7.93,rain,0,
2016-03-16,6.9,2.122,rain,0,
2016-03-17,7.4,0.257,rain,0,
2016-03-18,3.5,0.349,rain,0,
2016-03-19,-1.4,0.195,snow,0,
2016-03-20,-0.7,0,,0,
2016-03-21,1,0,,0,
2016-03-22,2.1,0.003,rain,0,
2016-03-23,3.2,1.336,"rain,snow",0.3,
2016-03-24,-0.4,9.28,"rain,snow",0.8,
2016-03-25,0.6,7.499,"rain,snow",0,
2016-03-26,1.3,0,"rain,snow",0,
2016-03-27,5.4,0,,0,
2016-03-28,6.7,7.491,rain,0,
2016-03-29,3.7,0.195,"rain,snow",0,
2016-03-30,4.8,0,,0,
2016-03-31,9.9,20.012,rain,0,
2016-04-01,9,5.395,rain,0,
2016-04-02,2.8,1.2,"rain,snow",0,
2016-04-03,-3.3,2.726,"rain,snow",2.6,
2016-04-04,-3.7,5.92,snow,2,
2016-04-05,-2.7,3.977,snow,0,
2016-04-06,0.9,3.335,"rain,snow",0.7,
2016-04-07,5.3,4.888,rain,0,
2016-04-08,0.7,0.001,"rain,snow",0,
2016-04-09,-2.4,0,,0,
2016-04-10,-2.6,2.365,"rain,snow",0.1,
2016-04-11,5.5,7.736,"rain,snow",3.9,
2016-04-12,3.5,0.784,rain,0,
2016-04-13,2.8,0,,0,
2016-04-14,5.1,0,,0,
2016-04-15,8.3,0,,0,
2016-04-16,11,0,,0,
2016-04-17,13.8,0,,0,
2016-04-18,16.1,0,,0,
2016-04-19,10.9,0.001,rain,0,
2016-04-20,9.7,0,,0,
2016-04-21,10.6,0.739,rain,0,
2016-04-22,13.1,0.997,rain,0,
2016-04-23,7.2,0,,0,
2016-04-24,6.7,0,,0,
2016-04-25,6.3,0.674,rain,0,
2016-04-26,4,19.101,"rain,snow",0,
2016-04-27,6.1,0,,0,
2016-04-28,5.7,0,,0,
2016-04-29,7.5,0,,0,
2016-04-30,9.7,0,,0,
2016-05-01,8.5,4.021,rain,0,
2016-05-02,8.5,0.422,rain,0,
2016-05-03,9.8,0,,0,
2016-05-04,10.6,0,,0,
2016-05-05,12.4,0.002,rain,0,
2016-05-06,15.1,0,,0,
2016-05-07,13.5,0,,0,
2016-05-08,9.4,1.493,rain,0,
2016-05-09,9.7,0,,0,
2016-05-10,10.9,0,,0,
2016-05-11,13.3,0,,0,
2016-05-12,15.6,0.001,rain,0,
2016-05-13,17.3,6.713,rain,0,
2016-05-14,11.2,4.782,rain,0,
2016-05-15,5.1,0.6,rain,0,
2016-05-16,9.1,2.35,rain,0,
2016-05-17,10.7,0.063,rain,0,
2016-05-18,11.4,0,,0,
2016-05-19,14.6,0,,0,
2016-05-20,16.5,0,,0,
2016-05-21,17.1,0,,0,
2016-05-22,17.9,0,,0,
2016-05-23,19.1,0,,0,
2016-05-24,21.2,0,,0,
2016-05-25,22.2,0,,0,
2016-05-26,19.2,2.858,rain,0,
2016-05-27,22.2,0.153,rain,0,
2016-05-28,23.5,0,,0,
2016-05-29,23.9,0,,0,
2016-05-30,23,0,,0,
2016-05-31,21.3,0,,0,
2016-06-01,16.4,0,,0,
2016-06-02,20.8,0.005,rain,0,
2016-06-03,21,0,,0,
2016-06-04,20.8,0,,0,
2016-06-05,18.8,22.382,rain,0,
2016-06-06,19.1,1.445,rain,0,
2016-06-07,16.2,0.389,rain,0,
2016-06-08,12,0,,0,
2016-06-09,14.3,0,,0,
2016-06-10,16.4,0,,0,
2016-06-11,22.3,7.58,rain,0,
2016-06-12,17.9,0,,0,
2016-06-13,15.7,0,,0,
2016-06-14,15.8,0,,0,
2016-06-15,18.1,0.24,rain,0,
2016-06-16,20.4,0.994,rain,0,
2016-06-17,23.1,0,,0,
2016-06-18,23.6,0,,0,
2016-06-19,24.1,0,,0,
2016-06-20,24.5,0.002,rain,0,
2016-06-21,20.9,0,,0,
2016-06-22,20.5,0,,0,
2016-06-23,19.1,0,,0,
2016-06-24,20.9,0,,0,
2016-06-25,21.6,0,,0,
2016-06-26,24.2,0.905,rain,0,
2016-06-27,25.9,1.404,rain,0,
2016-06-28,20.3,0,,0,
2016-06-29,20.4,0,,0,
2016-06-30,20.6,0,,0,
2016-07-01,18.5,5.345,rain,0,
2016-07-02,19.9,0,,0,
2016-07-03,21.4,0,,0,
2016-07-04,21.7,0,,0,
2016-07-05,24.8,0,,0,
2016-07-06,25.3,0,,0,
2016-07-07,25.6,3.844,rain,0,
2016-07-08,23.3,0.641,rain,0,
2016-07-09,22.3,1.692,rain,0,
2016-07-10,22.7,0.479,rain,0,
2016-07-11,21.7,0,,0,
2016-07-12,24,0,,0,
2016-07-13,26.6,0,,0,
2016-07-14,23.2,10.128,rain,0,
2016-07-15,22.2,1.943,rain,0,
2016-07-16,18.3,0,,0,
2016-07-17,20.9,0,,0,
2016-07-18,25.7,0,,0,
2016-07-19,21.4,0,,0,
2016-07-20,21.1,0,,0,
2016-07-21,24.2,0,,0,
2016-07-22,28.1,0,,0,
2016-07-23,27.7,0,,0,
2016-07-24,23.4,0,,0,
2016-07-25,25.1,18.122,rain,0,
2016-07-26,24.1,0,,0,
2016-07-27,24.4,3.341,rain,0,
2016-07-28,25,0.574,rain,0,
2016-07-29,23.1,3.658,rain,0,
2016-07-30,22.1,0.04,rain,0,
2016-07-31,21.7,3.287,rain,0,
2016-08-01,23.4,0.041,rain,0,
2016-08-02,23.7,0,,0,
2016-08-03,24.1,0,,0,
2016-08-04,25.8,0,,0,
2016-08-05,27,0,,0,
2016-08-06,24.6,0,,0,
2016-08-07,23.3,0,,0,
2016-08-08,23.3,0,,0,
2016-08-09,24.4,0,,0,
2016-08-10,27.4,0.296,rain,0,
2016-08-11,27.1,0,,0,
2016-08-12,28.2,0.025,rain,0,
2016-08-13,25.2,15.803,rain,0,
2016-08-14,24.6,0.395,rain,0,
2016-08-15,22.5,0,,0,
2016-08-16,23,17.211,rain,0,
2016-08-17,21.5,0,,0,
2016-08-18,23.5,0,,0,
2016-08-19,24.2,0,,0,
2016-08-20,25,1.642,rain,0,
2016-08-21,23.7,1.73,rain,0,
2016-08-22,19.2,0,,0,
2016-08-23,21.8,0,,0,
2016-08-24,23.4,0,,0,
2016-08-25,24.2,14.093,rain,0,
2016-08-26,24.3,0,,0,
2016-08-27,22.5,0,,0,
2016-08-28,25.4,0,,0,
2016-08-29,22.3,0,,0,
2016-08-30,23.7,0,,0,
2016-08-31,23.8,0.237,rain,0,
2016-09-01,19.6,0,,0,
2016-09-02,18.7,0,,0,
2016-09-03,18.8,0,,0,
2016-09-04,19.4,0,,0,
2016-09-05,21.8,0,,0,
2016-09-06,24,0,,0,
2016-09-07,26.3,16.984,rain,0,
2016-09-08,25.7,15.183,rain,0,
2016-09-09,24.3,0,,0,
2016-09-10,23.5,3.828,rain,0,
2016-09-11,19.6,0.774,rain,0,
2016-09-12,18.6,0,,0,
2016-09-13,21.5,0,,0,
2016-09-14,19.8,0,,0,
2016-09-15,15.7,0,,0,
2016-09-16,18,0,,0,
2016-09-17,20.6,10.674,rain,0,
2016-09-18,21,0.078,rain,0,
2016-09-19,21.3,0,,0,
2016-09-20,22.2,0,,0,
2016-09-21,20.5,0,,0,
2016-09-22,21.8,0,,0,
2016-09-23,18.3,0.392,rain,0,
2016-09-24,14.2,0,,0,
2016-09-25,14,0,,0,
2016-09-26,16,10.164,rain,0,
2016-09-27,16.8,0.006,rain,0,
2016-09-28,18.6,0,,0,
2016-09-29,16.2,3.797,rain,0,
2016-09-30,16.9,0.014,rain,0,
2016-10-01,14.5,0.301,rain,0,
2016-10-02,16.8,2.922,rain,0,
2016-10-03,16.1,0.057,rain,0,
2016-10-04,17.3,0,,0,
2016-10-05,17.4,0,,0,
2016-10-06,18.8,0,,0,
2016-10-07,18.4,0,,0,
2016-10-08,16,2.524,rain,0,
2016-10-09,10.2,0,,0,
2016-10-10,8.2,0,,0,
2016-10-11,11.8,0,,0,
2016-10-12,17.1,0,,0,
2016-10-13,13.5,0.013,rain,0,
2016-10-14,10.8,0,,0,
2016-10-15,14.8,0,,0,
2016-10-16,19,1.117,rain,0,
2016-10-17,17.3,0.838,rain,0,
2016-10-18,20.3,0.003,rain,0,
2016-10-19,15.8,0,,0,
2016-10-20,13.6,4.69,rain,0,
2016-10-21,9.6,6.214,rain,0,
2016-10-22,6.4,0,,0,
2016-10-23,9.6,0,,0,
2016-10-24,8.4,0,,0,
2016-10-25,6,0,,0,
2016-10-26,4.3,0,,0,
2016-10-27,4,9.22,"rain,snow",0.1,
2016-10-28,5.6,0,,0,
2016-10-29,15,0,,0,
2016-10-30,9,0.638,rain,0,
2016-10-31,5.4,0,,0,
2016-11-01,11.7,0.001,rain,0,
2016-11-02,15.3,3.308,rain,0,
2016-11-03,11.8,21.842,rain,0,
2016-11-04,8.1,0,,0,
2016-11-05,11.3,0,,0,
2016-11-06,9.5,0,,0,
2016-11-07,10,0,,0,
2016-11-08,11,0.691,rain,0,
2016-11-09,7.3,0.101,rain,0,
2016-11-10,9.2,0,,0,
2016-11-11,6.7,0,,0,
2016-11-12,4.9,0,,0,
2016-11-13,7.7,0,,0,
2016-11-14,8.7,0,,0,
2016-11-15,8.4,0,,0,
2016-11-16,9.6,0.04,rain,0,
2016-11-17,8.3,0,,0,
2016-11-18,11.3,0,,0,
2016-11-19,8.8,2.749,rain,0,
2016-11-20,0.3,1.759,"rain,snow",0.3,
2016-11-21,-0.4,0.195,"rain,snow",0.2,
2016-11-22,0.3,0,,0,
2016-11-23,-0.3,0.984,"rain,snow",0,
2016-11-24,3.6,2.73,"rain,snow",2.5,
2016-11-25,5.7,1.246,rain,0,
2016-11-26,4.9,3.288,rain,0,
2016-11-27,5.6,0,,0,
2016-11-28,6.2,0,,0,
2016-11-29,9.1,2.139,rain,0,
2016-11-30,9.9,4.387,rain,0,
2016-12-01,6,1.816,rain,0,
2016-12-02,4.7,0,,0,
2016-12-03,3.9,0,,0,
2016-12-04,2.3,0.4,"rain,snow",0,
2016-12-05,3.7,4.825,"rain,snow",1.7,
2016-12-06,3.9,3.563,rain,0,
2016-12-07,2.7,0.81,rain,0.2,
2016-12-08,-0.1,0.445,"rain,snow",0,
2016-12-09,-3.1,0.004,snow,0,
2016-12-10,-3.6,0.003,"rain,snow",0,
2016-12-11,-2.2,6.73,"rain,snow",3.9,
2016-12-12,1.1,8.922,"rain,snow",7.5,
2016-12-13,-1.2,0,,0,
2016-12-14,-6.3,0,,0,
2016-12-15,-8.8,2.64,snow,2.7,
2016-12-16,-6.8,2.069,snow,7,
2016-12-17,-1.9,8.725,"rain,snow",4.9,
2016-12-18,-4.8,2.968,"rain,snow",2.4,
2016-12-19,-7.6,0.005,snow,0,
2016-12-20,-2.9,0,,0,
2016-12-21,-1.7,2.393,"rain,snow",2.1,
2016-12-22,2.1,0.393,"rain,snow",1.3,
2016-12-23,1.8,0,,0,
2016-12-24,3.2,3.31,"rain,snow",0.3,
2016-12-25,1.2,0,,0,
2016-12-26,3.5,13.666,"rain,snow",0,
2016-12-27,1.6,2.02,"rain,snow",0,
2016-12-28,-1,0,"rain,snow",1.2,
2016-12-29,1.4,7.234,"rain,snow",1.3,
2016-12-30,-1.1,0.372,"rain,snow",0.4,
2016-12-31,1.4,1.981,"rain,snow",1,
2017-01-01,1.3,0.098,"rain,snow",0,
2017-01-02,3,0,,0,
2017-01-03,4.1,11.033,rain,0,
2017-01-04,-1.1,0.85,rain,0,
2017-01-05,-6.8,0,,0,
2017-01-06,-9.3,0,,0,
2017-01-07,-9.7,0,,0,
2017-01-08,-9.7,0,,0,
2017-01-09,-4.7,0,"rain,snow",0.9,
2017-01-10,1,15.446,"rain,snow",3.3,
2017-01-11,4.6,2.247,rain,0,
2017-01-12,4.1,19.211,rain,0,
2017-01-13,-3.3,0,,0,
2017-01-14,-5.4,0,,0,
2017-01-15,-1.7,0,,0,
2017-01-16,-0.1,0,,0,
2017-01-17,1.8,13.239,"rain,snow",0,
2017-01-18,3,0.695,"rain,snow",0,
2017-01-19,3,0,,0,
2017-01-20,3.2,0.002,rain,0,
2017-01-21,4.6,0.001,rain,0,
2017-01-22,4.2,0.001,rain,0,
2017-01-23,2.9,0,,0,
2017-01-24,1.2,0.299,"rain,snow",0.3,
2017-01-25,3.2,0.43,"rain,snow",0,
2017-01-26,3.6,4.129,rain,0.4,
2017-01-27,0.9,0.199,"rain,snow",0,
2017-01-28,-0.6,0.497,"rain,snow",0,
2017-01-29,-2.8,0.002,"rain,snow",0,
2017-01-30,-6.6,0.001,snow,0,
2017-01-31,-2.6,1.461,"rain,snow",0.9,
2017-02-01,0.1,0.4,"rain,snow",0.5,
2017-02-02,-3.4,0.197,"rain,snow",0,
2017-02-03,-5.9,0,,0,
2017-02-04,-4.6,0,snow,0.3,
2017-02-05,-0.5,0.556,"rain,snow",0.2,
2017-02-06,-0.8,0,,0,
2017-02-07,0.6,9.619,"rain,snow",0,
2017-02-08,-0.6,5.053,"rain,snow",0.3,
2017-02-09,-7.2,0.195,snow,0.2,
2017-02-10,-4.6,3.424,"rain,snow",2.1,
2017-02-11,1.5,0.002,"rain,snow",1.3,
2017-02-12,-1.1,13.936,"rain,snow",3.8,
2017-02-13,-1.8,0.057,"rain,snow",2.3,
2017-02-14,1.7,0,,0,
2017-02-15,0,0.003,"rain,snow",0,
2017-02-16,-5.6,0,,0,
2017-02-17,-2.6,0,,0,
2017-02-18,6.4,0,,0,
2017-02-19,7.7,0,,0,
2017-02-20,2.5,0,,0,
2017-02-21,3.6,1.054,rain,0,
2017-02-22,6.1,0.459,rain,0,
2017-02-23,10.6,0,,0,
2017-02-24,4.4,1.743,rain,0,
2017-02-25,4.1,8.131,"rain,snow",0,
2017-02-26,0,0.003,"rain,snow",0,
2017-02-27,5.8,0,,0,
2017-02-28,5.7,0,,0,
2017-03-01,9.5,22.337,rain,0,
2017-03-02,-3.9,0.195,snow,0,
2017-03-03,-6,0.001,snow,0,
2017-03-04,-8.7,0.195,snow,0,
2017-03-05,-5.8,0,,0,
2017-03-06,2.7,0,,0,
2017-03-07,8.4,8.902,rain,0,
2017-03-08,6.5,0.191,rain,0,
2017-03-09,1.2,0,,0,
2017-03-10,-5,0,,0,
2017-03-11,-8.8,0.196,snow,0,
2017-03-12,-8.6,0,,0,
2017-03-13,-8.1,0.789,snow,1.2,
2017-03-14,-8.7,2.367,snow,2.8,
2017-03-15,-6.1,0.203,snow,1.4,
2017-03-16,-2,0,,0,
2017-03-17,1,0,,0,
2017-03-18,1.4,0.994,"rain,snow",0.6,
2017-03-19,2.5,0.256,"rain,snow",0.1,
2017-03-20,3,0,,0,
2017-03-21,6.2,0,,0,
2017-03-22,-4.4,0,,0,
2017-03-23,-2.3,0,,0,
2017-03-24,5.2,5.696,"rain,snow",0,
2017-03-25,3.3,7.64,rain,0,
2017-03-26,3.2,1.947,"rain,snow",0,
2017-03-27,9.4,2.179,rain,0,
2017-03-28,7.9,0.233,rain,0,
2017-03-29,5.8,0,,0,
2017-03-30,2.6,4.828,"rain,snow",0.1,
2017-03-31,2.9,14.173,"rain,snow",1.8,
2017-04-01,5.4,1.6,rain,0,
2017-04-02,9.8,0,,0,
2017-04-03,8.6,1.337,rain,0,
2017-04-04,7,17.533,rain,0,
2017-04-05,6.3,0.195,rain,0,
2017-04-06,5.5,21.726,rain,0,
2017-04-07,2.4,6.007,"rain,snow",4.6,
2017-04-08,6,0.195,rain,0,
2017-04-09,10.4,0,,0,
2017-04-10,15.5,0.474,rain,0,
2017-04-11,13.9,1.405,rain,0,
2017-04-12,7.6,0,,0,
2017-04-13,7.1,0,,0,
2017-04-14,9.9,0,,0,
2017-04-15,9.8,3.458,rain,0,
2017-04-16,16.9,0,,0,
2017-04-17,9.2,0.207,rain,0,
2017-04-18,4.4,0,,0,
2017-04-19,10.9,1.124,rain,0,
2017-04-20,6.9,22.194,rain,0,
2017-04-21,8.8,1.159,rain,0,
2017-04-22,8.6,0,,0,
2017-04-23,11,0,,0,
2017-04-24,8.8,0,,0,
2017-04-25,7.9,4.104,rain,0,
2017-04-26,11.4,0,,0,
2017-04-27,15.9,4.565,rain,0,
2017-04-28,13.2,3.936,rain,0,
2017-04-29,10.6,0.001,rain,0,
2017-04-30,6.2,8.729,rain,0,
2017-05-01,8.6,31.857,rain,0,
2017-05-02,9.4,0.85,rain,0,
2017-05-03,9.6,0,,0,
2017-05-04,7.8,11.967,rain,0,
2017-05-05,7.9,38.981,rain,0,
2017-05-06,7,0.842,rain,0,
2017-05-07,7.4,0.296,rain,0,
2017-05-08,7.8,0,,0,
2017-05-09,7.3,0,,0,
2017-05-10,7.6,0,,0,
2017-05-11,10,0,,0,
2017-05-12,11,0,,0,
2017-05-13,11.9,0.643,rain,0,
2017-05-14,12,0.162,rain,0,
2017-05-15,14,0,,0,
2017-05-16,13.1,0.081,rain,0,
2017-05-17,19.2,0,,0,
2017-05-18,21.3,0.012,rain,0,
2017-05-19,13.3,0,,0,
2017-05-20,11.5,0,,0,
2017-05-21,11.3,11.447,rain,0,
2017-05-22,13.3,2.145,rain,0,
2017-05-23,14.9,0.002,rain,0,
2017-05-24,17.1,0,,0,
2017-05-25,11.9,52.487,rain,0,
2017-05-26,15,2.757,rain,0,
2017-05-27,15.6,0.002,rain,0,
2017-05-28,15.9,0,,0,
2017-05-29,17.9,0.743,rain,0,
2017-05-30,16.6,7.319,rain,0,
2017-05-31,16.4,3.477,rain,0,
2017-06-01,14.8,0,,0,
2017-06-02,15.2,0,,0,
2017-06-03,16.3,0,,0,
2017-06-04,14.1,5.052,rain,0,
2017-06-05,14.8,0.06,rain,0,
2017-06-06,14.4,3.641,rain,0,
2017-06-07,14.6,0,,0,
2017-06-08,18.1,0,,0,
2017-06-09,19.4,0,,0,
2017-06-10,21.4,0,,0,
2017-06-11,23.4,0,,0,
2017-06-12,24,0,,0,
2017-06-13,22.2,0.006,rain,0,
2017-06-14,19,0.038,rain,0,
2017-06-15,17.4,0,,0,
2017-06-16,21.7,2.635,rain,0,
2017-06-17,22.1,1.156,rain,0,
2017-06-18,23.1,1.49,rain,0,
2017-06-19,21.7,0.007,rain,0,
2017-06-20,18.9,7.473,rain,0,
2017-06-21,17.8,0.081,rain,0,
2017-06-22,18.1,1.294,rain,0,
2017-06-23,21,38.492,rain,0,
2017-06-24,21.1,0,,0,
2017-06-25,17.9,2.384,rain,0,
2017-06-26,16,3.857,rain,0,
2017-06-27,15.6,1.057,rain,0,
2017-06-28,17.7,0,,0,
2017-06-29,18.9,2.91,rain,0,
2017-06-30,21,8.673,rain,0,
2017-07-01,20.2,3.777,rain,0,
2017-07-02,20.5,1.048,rain,0,
2017-07-03,20.3,0,,0,
2017-07-04,20.9,0,,0,
2017-07-05,21.4,0,,0,
2017-07-06,23,0,,0,
2017-07-07,22.7,5.755,rain,0,
2017-07-08,21,0,,0,
2017-07-09,20.8,0,,0,
2017-07-10,20.7,0.01,rain,0,
2017-07-11,21.9,0,,0,
2017-07-12,23,0.39,rain,0,
2017-07-13,17.7,0.41,rain,0,
2017-07-14,20.4,10.609,rain,0,
2017-07-15,22,0,,0,
2017-07-16,21.5,0.006,rain,0,
2017-07-17,21.7,0,,0,
2017-07-18,22.7,0,,0,
2017-07-19,24.7,0,,0,
2017-07-20,20.3,24.811,rain,0,
2017-07-21,24.2,0,,0,
2017-07-22,22.5,0.754,rain,0,
2017-07-23,21.9,0.795,rain,0,
2017-07-24,20,0.612,rain,0,
2017-07-25,19.1,0.195,rain,0,
2017-07-26,19.2,0.852,rain,0,
2017-07-27,21.6,6.516,rain,0,
2017-07-28,20.5,0,,0,
2017-07-29,21.5,0,,0,
2017-07-30,25,0,,0,
2017-07-31,23.4,0.167,rain,0,
2017-08-01,23.8,0.82,rain,0,
2017-08-02,23.4,1.202,rain,0,
2017-08-03,23.4,0.004,rain,0,
2017-08-04,22.1,8.836,rain,0,
2017-08-05,18.4,0.637,rain,0,
2017-08-06,18.8,0.009,rain,0,
2017-08-07,18.8,0.2,rain,0,
2017-08-08,20.2,0.197,rain,0,
2017-08-09,21.7,0,,0,
2017-08-10,21.6,0,,0,
2017-08-11,21.8,0.004,rain,0,
2017-08-12,20.4,0.498,rain,0,
2017-08-13,20.7,0,,0,
2017-08-14,21.2,0,,0,
2017-08-15,21.4,2.08,rain,0,
2017-08-16,20.5,0,,0,
2017-08-17,20.2,6.303,rain,0,
2017-08-18,23.3,1.752,rain,0,
2017-08-19,21.4,0,,0,
2017-08-20,21.6,0,,0,
2017-08-21,23.5,0,,0,
2017-08-22,23.2,0.796,rain,0,
2017-08-23,18.9,0,,0,
2017-08-24,16.2,0,,0,
2017-08-25,16.7,0,,0,
2017-08-26,17.2,0,,0,
2017-08-27,17.7,0,,0,
2017-08-28,19.3,0,,0,
2017-08-29,19.4,0,,0,
2017-08-30,19.2,0,,0,
2017-08-31,16.9,0.738,rain,0,
2017-09-01,13.5,0,,0,
2017-09-02,15.4,0,,0,
2017-09-03,17.8,7.043,rain,0,
2017-09-04,20.2,4.307,rain,0,
2017-09-05,16.9,7.687,rain,0,
2017-09-06,16.9,0.001,rain,0,
2017-09-07,15.1,4.882,rain,0,
2017-09-08,14.3,0.003,rain,0,
2017-09-09,13.6,0,,0,
2017-09-10,14.5,0,,0,
2017-09-11,16,0,,0,
2017-09-12,17.6,0,,0,
2017-09-13,18.5,0,,0,
2017-09-14,21.1,0,,0,
2017-09-15,21.7,0,,0,
2017-09-16,21.3,0,,0,
2017-09-17,21.1,0,,0,
2017-09-18,21.7,0,,0,
2017-09-19,22.3,0,,0,
2017-09-20,21.8,0,,0,
2017-09-21,22.2,0,,0,
2017-09-22,22.1,0,,0,
2017-09-23,23.8,0,,0,
2017-09-24,25.7,0,,0,
2017-09-25,25.8,0,,0,
2017-09-26,25.6,0,,0,
2017-09-27,22.8,0,,0,
2017-09-28,15,0,,0,
2017-09-29,12.9,2.448,rain,0,
2017-09-30,11,0.003,rain,0,
2017-10-01,12,0,,0,
2017-10-02,14.7,0,,0,
2017-10-03,17.5,0,,0,
2017-10-04,20.1,3.603,rain,0,
2017-10-05,16.8,0,,0,
2017-10-06,17.2,0.408,rain,0,
2017-10-07,20.3,1.841,rain,0,
2017-10-08,20.1,2.689,rain,0,
2017-10-09,17.6,12.883,rain,0,
2017-10-10,17.4,0,,0,
2017-10-11,11.4,0.705,rain,0,
2017-10-12,12.2,0.346,rain,0,
2017-10-13,16.1,0.002,rain,0,
2017-10-14,16.3,5.125,rain,0,
2017-10-15,16.9,6.064,rain,0,
2017-10-16,7.5,0,,0,
2017-10-17,11.9,0,,0,
2017-10-18,15,0,,0,
2017-10-19,16.2,0,,0,
2017-10-20,13.9,0,,0,
2017-10-21,14.8,0,,0,
2017-10-22,15.9,0,,0,
2017-10-23,17,3.18,rain,0,
2017-10-24,14.2,6.08,rain,0,
2017-10-25,9.5,0.007,rain,0,
2017-10-26,7.5,0,,0,
2017-10-27,10.5,0,,0,
2017-10-28,9.3,5.643,rain,0,
2017-10-29,6.9,0.001,rain,0,
2017-10-30,7.3,0,,0,
2017-10-31,6.3,0.001,rain,0,
2017-11-01,6,0.244,rain,0,
2017-11-02,11,6.98,rain,0,
2017-11-03,9.8,3.139,rain,0,
2017-11-04,5.4,0,,0,
2017-11-05,11.3,14.512,rain,0,
2017-11-06,7.9,0.55,rain,0,
2017-11-07,5.3,0,,0,
2017-11-08,5,0,,0,
2017-11-09,4.4,0.08,rain,0,
2017-11-10,-5.5,0.195,snow,0,
2017-11-11,-2,0,,0,
2017-11-12,4.1,0.355,rain,0,
2017-11-13,4.4,0.97,rain,0,
2017-11-14,5.1,0,,0,
2017-11-15,6.3,1.249,rain,0,
2017-11-16,5.5,1.384,rain,0,
2017-11-17,0.7,0,,0,
2017-11-18,6.3,11.267,rain,0,
2017-11-19,2,6.896,"rain,snow",0.1,
2017-11-20,3,0.001,"rain,snow",0,
2017-11-21,7.5,0.002,rain,0,
2017-11-22,0.8,0.003,rain,0,
2017-11-23,2,0,,0,
2017-11-24,6.1,0,,0,
2017-11-25,7.8,0.581,rain,0,
2017-11-26,1.9,0.062,rain,0,
2017-11-27,2.4,0,,0,
2017-11-28,8.4,4.522,rain,0,
2017-11-29,5.9,0,,0,
2017-11-30,4.8,1.497,rain,0,
2017-12-01,5.6,0.478,rain,0,
2017-12-02,4.5,0,,0,
2017-12-03,4.6,4.522,rain,0,
2017-12-04,5.7,0,,0,
2017-12-05,7.5,7.177,rain,0,
2017-12-06,1.5,0,,0,
2017-12-07,-0.4,0,,0,
2017-12-08,-0.9,0,,0,
2017-12-09,0.4,0,,0,
2017-12-10,-1.6,0,,0,
2017-12-11,-3.9,2.061,"rain,snow",0.2,
2017-12-12,-4.6,3.5,"rain,snow",3.9,
2017-12-13,-9.5,0.198,snow,0,
2017-12-14,-9.5,0.204,snow,0.2,
2017-12-15,-5.5,18.305,snow,0.6,
2017-12-16,-5,0.001,snow,0.4,
2017-12-17,-8,0.195,snow,0,
2017-12-18,0.1,29.065,"rain,snow",1.1,
2017-12-19,5.2,0,,0,
2017-12-20,0.1,0,,0,
2017-12-21,-3,0.905,"rain,snow",0.2,
2017-12-22,-3.8,3.492,"rain,snow",4.5,
2017-12-23,-2,2.735,"rain,snow",0.7,
2017-12-24,-2.4,3.284,"rain,snow",3.1,
2017-12-25,-5,3.859,snow,1.6,
2017-12-26,-11.9,0,,0,
2017-12-27,-13.1,0.001,snow,0,
2017-12-28,-15.4,0.198,snow,0,
2017-12-29,-11.2,0.852,snow,0.2,
2017-12-30,-9.9,0.2,snow,0.3,
2017-12-31,-16.6,0.001,snow,0.2,
2018-01-01,-12.8,0.196,snow,0,
2018-01-02,-9.3,0.007,snow,1.2,
2018-01-03,-7.9,0.197,snow,0.7,
2018-01-04,-11.5,0.195,snow,0,
2018-01-05,-17.9,0,,0,
2018-01-06,-18.7,0.001,snow,0,
2018-01-07,-10.1,0.001,"rain,snow",0.6,
2018-01-08,0.8,49.128,"rain,snow",1,
2018-01-09,0.4,54.268,"rain,snow",0.4,
2018-01-10,1,0.753,"rain,snow",0,
2018-01-11,8.5,6.71,rain,0,
2018-01-12,1.1,18.96,"rain,snow",0.2,
2018-01-13,-12.5,0.196,snow,1.3,
2018-01-14,-9.4,0,,0,
2018-01-15,-6.9,2.017,snow,3,
2018-01-16,-5.2,0.967,snow,1.8,
2018-01-17,-7.2,0.198,snow,0,
2018-01-18,-5.5,22.612,snow,0,
2018-01-19,-0.7,18.089,"rain,snow",0,
2018-01-20,3.2,0,,0,
2018-01-21,2,0.001,rain,0,
2018-01-22,1.8,8.719,"rain,snow",0,
2018-01-23,3.1,4.034,"rain,snow",0,
2018-01-24,-6.6,0.195,snow,0,
2018-01-25,-5.9,0,,0,
2018-01-26,1.1,0,,0,
2018-01-27,6.1,0.637,rain,0,
2018-01-28,2,0.01,rain,0,
2018-01-29,-2.7,3.019,"rain,snow",4.2,
2018-01-30,-8.9,1.58,snow,2.5,
2018-01-31,-3.8,1.24,"rain,snow",0.6,
2018-02-01,-0.3,0,"rain,snow",0.4,
2018-02-02,-10.5,0.195,snow,0,
2018-02-03,-5.9,0.701,"rain,snow",0.6,
2018-02-04,-1.1,3.45,"rain,snow",1,
2018-02-05,-8.6,0.206,snow,0.4,
2018-02-06,-6.4,0.198,snow,0.7,
2018-02-07,-5.9,7.295,snow,4.6,
2018-02-08,-7.5,0,snow,2.5,
2018-02-09,-6.1,3.5,snow,3,
2018-02-10,-3.9,4.544,snow,4.2,
2018-02-11,-2.6,1.834,"rain,snow",2.4,
2018-02-12,-4.3,0.795,"rain,snow",0,
2018-02-13,-5.3,0,,0,
2018-02-14,2.1,0,,0,
2018-02-15,5.6,63.313,rain,0,
2018-02-16,0.2,0,,0,
2018-02-17,-2,0,,0,
2018-02-18,1,31.656,"rain,snow",0,
2018-02-19,2.9,6.051,rain,0,
2018-02-20,11.6,12.552,rain,0,
2018-02-21,8,11.093,rain,0,
2018-02-22,-0.3,0.139,"rain,snow",0,
2018-02-23,2.5,2.534,rain,0,
2018-02-24,3.5,0,,0,
2018-02-25,5.5,3.108,"rain,snow",0,
2018-02-26,4.3,0,,0,
2018-02-27,6.2,0,,0,
2018-02-28,5.9,0,,0,
2018-03-01,2.5,0.062,"rain,snow",2.4,
2018-03-02,1.1,4.446,"rain,snow",1.4,
2018-03-03,0.8,0,,0,
2018-03-04,-0.5,0,,0,
2018-03-05,-1.5,0,,0,
2018-03-06,0.5,0,,0,
2018-03-07,2,0.001,rain,0,
2018-03-08,-0.9,0,,0,
2018-03-09,0.8,0.002,rain,0,
2018-03-10,-0.1,0.195,"rain,snow",0,
2018-03-11,-0.3,0,,0,
2018-03-12,-1.1,0.435,"rain,snow",0,
2018-03-13,-0.5,0.408,"rain,snow",0,
2018-03-14,-0.3,0.2,"rain,snow",0.6,
2018-03-15,0.1,0.202,"rain,snow",0,
2018-03-16,-2.9,0,,0,
2018-03-17,-0.2,0,,0,
2018-03-18,0.4,0,,0,
2018-03-19,-2.5,0,,0,
2018-03-20,-1.8,0,,0,
2018-03-21,0.8,0,,0,
2018-03-22,0.6,0,,0,
2018-03-23,0.3,0,,0,
2018-03-24,-0.7,0,,0,
2018-03-25,-1.5,0,,0,
2018-03-26,3.2,0,,0,
2018-03-27,4.3,3.395,rain,0,
2018-03-28,5.2,0.004,rain,0.1,
2018-03-29,5,12.421,rain,0.4,
2018-03-30,3.8,2.142,rain,0,
2018-03-31,4.1,1.479,rain,0,
2018-04-01,1.1,0.916,"rain,snow",0,
2018-04-02,2.4,0,,0,
2018-04-03,3.3,9.192,rain,0,
2018-04-04,2.2,13.077,rain,0,
2018-04-05,-0.9,0.196,"rain,snow",0,
2018-04-06,0.8,1.342,"rain,snow",0.9,
2018-04-07,-1.4,0.001,snow,0,
2018-04-08,-0.9,0,,0,
2018-04-09,-0.3,0,,0,
2018-04-10,2.2,0.002,"rain,snow",0,
2018-04-11,3.3,1.503,rain,0,
2018-04-12,5.2,2.081,rain,0,
2018-04-13,4.5,3.175,rain,0,
2018-04-14,0.6,24.048,"rain,snow",2.4,
2018-04-15,-1.2,18.737,"rain,snow",2,
2018-04-16,2.3,43.061,"rain,snow",0.4,
2018-04-17,0.9,1.272,"rain,snow",0,
2018-04-18,3,0,,0,
2018-04-19,2.5,0,,0,
2018-04-20,3.4,0,,0,
2018-04-21,7.3,0,,0,
2018-04-22,9.6,0,,0,
2018-04-23,11.4,0,,0,
2018-04-24,11.3,1,rain,0,
2018-04-25,8.3,18.623,rain,0,
2018-04-26,9.2,0.866,rain,0,
2018-04-27,9.6,0,,0,
2018-04-28,6.1,3.306,rain,0,
2018-04-29,5.6,0.197,"rain,snow",0,
2018-04-30,11.3,0,,0,
2018-05-01,14.8,0,,0,
2018-05-02,19.2,0,,0,
2018-05-03,17.2,4.071,rain,0,
2018-05-04,13.2,4.587,rain,0,
2018-05-05,15,0.191,rain,0,
2018-05-06,14.8,0.504,rain,0,
2018-05-07,13.3,0.002,rain,0,
2018-05-08,13.3,0,,0,
2018-05-09,15.2,0,,0,
2018-05-10,16.5,1.945,rain,0,
2018-05-11,8.3,0,,0,
2018-05-12,10.5,0,,0,
2018-05-13,12.3,0,,0,
2018-05-14,14.7,0,,0,
2018-05-15,16.7,18.03,rain,0,
2018-05-16,13.5,0,,0,
2018-05-17,17.4,0,,0,
2018-05-18,13.5,0,,0,
2018-05-19,11.8,10.557,rain,0,
2018-05-20,16.2,0.499,rain,0,
2018-05-21,15.2,0,,0,
2018-05-22,13.7,5.996,rain,0,
2018-05-23,18.9,0,,0,
2018-05-24,19.9,0,,0,
2018-05-25,21.8,0,,0,
2018-05-26,21.2,0,,0,
2018-05-27,19.8,0,,0,
2018-05-28,22.4,0,,0,
2018-05-29,22.4,0,,0,
2018-05-30,21.8,0,,0,
2018-05-31,23.3,2.571,rain,0,
2018-06-01,22.8,1.581,rain,0,
2018-06-02,17,0,,0,
2018-06-03,17.2,0.398,rain,0,
2018-06-04,17.3,0.367,rain,0,
2018-06-05,13.2,0.804,rain,0,
2018-06-06,13,0,,0,
2018-06-07,16.7,0,,0,
2018-06-08,18.3,0,,0,
2018-06-09,18.8,0,,0,
2018-06-10,18.2,0,,0,
2018-06-11,18.1,0,,0,
2018-06-12,19.3,0,,0,
2018-06-13,21.3,8.167,rain,0,
2018-06-14,20.3,0.195,rain,0,
2018-06-15,19.5,0,,0,
2018-06-16,21.3,0,,0,
2018-06-17,23.7,0,,0,
2018-06-18,25.1,14.799,rain,0,
2018-06-19,19.8,0,,0,
2018-06-20,19.5,0,,0,
2018-06-21,18.5,0,,0,
2018-06-22,17.7,0.002,rain,0,
2018-06-23,17.2,7.879,rain,0,
2018-06-24,18.3,17.223,rain,0,
2018-06-25,18.3,0,,0,
2018-06-26,18.3,0,,0,
2018-06-27,18.7,7.679,rain,0,
2018-06-28,23,0.096,rain,0,
2018-06-29,24.9,0,,0,
2018-06-30,26,0,,0,
2018-07-01,27.1,0,,0,
2018-07-02,26.8,0,,0,
2018-07-03,24.8,0,,0,
2018-07-04,25.9,0,,0,
2018-07-05,26.4,5.246,rain,0,
2018-07-06,21.4,2.822,rain,0,
2018-07-07,20.8,0,,0,
2018-07-08,23,0,,0,
2018-07-09,24.3,0,,0,
2018-07-10,25.6,0.382,rain,0,
2018-07-11,22,0,,0,
2018-07-12,22.7,0,,0,
2018-07-13,24.8,0,,0,
2018-07-14,23.2,0.023,rain,0,
2018-07-15,24.4,0,,0,
2018-07-16,24.9,2.618,rain,0,
2018-07-17,23.9,1.341,rain,0,
2018-07-18,20.6,0,,0,
2018-07-19,21.8,0,,0,
2018-07-20,24.1,0,,0,
2018-07-21,23.6,0.797,rain,0,
2018-07-22,20.1,21.058,rain,0,
2018-07-23,23.3,0,,0,
2018-07-24,24.5,16.126,rain,0,
2018-07-25,24.7,0.503,rain,0,
2018-07-26,22.5,0.158,rain,0,
2018-07-27,22.4,0.003,rain,0,
2018-07-28,20,0.013,rain,0,
2018-07-29,20.3,0,,0,
2018-07-30,21.8,0,,0,
2018-07-31,22.3,0,,0,
2018-08-01,23.8,0.004,rain,0,
2018-08-02,23.7,0,,0,
2018-08-03,23.7,0,,0,
2018-08-04,24.8,0,,0,
2018-08-05,26.2,0,,0,
2018-08-06,25.3,6.828,rain,0,
2018-08-07,24.1,47.199,rain,0,
2018-08-08,23.2,36.261,rain,0,
2018-08-09,23.4,0.8,rain,0,
2018-08-10,22.1,2.632,rain,0,
2018-08-11,22.4,0,,0,
2018-08-12,23.9,0.024,rain,0,
2018-08-13,24,0,,0,
2018-08-14,25.8,0,,0,
2018-08-15,26.5,0,,0,
2018-08-16,25,0.005,rain,0,
2018-08-17,24.1,27.764,rain,0,
2018-08-18,22.3,0.497,rain,0,
2018-08-19,21.8,0,,0,
2018-08-20,22.7,0,,0,
2018-08-21,22.2,36.019,rain,0,
2018-08-22,20.1,45.487,rain,0,
2018-08-23,21.2,0,,0,
2018-08-24,21.9,0,,0,
2018-08-25,22.5,1.662,rain,0,
2018-08-26,23.8,6.996,rain,0,
2018-08-27,23.7,3.021,rain,0,
2018-08-28,26.1,0,,0,
2018-08-29,25.2,0,,0,
2018-08-30,18,0,,0,
2018-08-31,19.4,0,,0,
2018-09-01,22.1,0,,0,
2018-09-02,24.4,0.002,rain,0,
2018-09-03,25.1,0.236,rain,0,
2018-09-04,23.8,0,,0,
2018-09-05,26.6,0,,0,
2018-09-06,23.3,1.089,rain,0,
2018-09-07,20.3,0,,0,
2018-09-08,15.8,0,,0,
2018-09-09,14.4,0,,0,
2018-09-10,14.3,30.509,rain,0,
2018-09-11,17.7,0.399,rain,0,
2018-09-12,18.7,0,,0,
2018-09-13,20.9,0.004,rain,0,
2018-09-14,23.1,0,,0,
2018-09-15,24.1,0,,0,
2018-09-16,23.9,0,,0,
2018-09-17,23.1,0,,0,
2018-09-18,22.4,0,,0,
2018-09-19,17,0,,0,
2018-09-20,16.8,0,,0,
2018-09-21,23.5,0.002,rain,0,
2018-09-22,13.5,0,,0,
2018-09-23,14.4,0,,0,
2018-09-24,15.5,0,,0,
2018-09-25,18.6,12.506,rain,0,
2018-09-26,19.5,3.046,rain,0,
2018-09-27,14.5,0,,0,
2018-09-28,16.4,0.977,rain,0,
2018-09-29,13.1,2.391,rain,0,
2018-09-30,11.8,0.927,rain,0,
2018-10-01,10.3,15.641,rain,0,
2018-10-02,12.2,9.612,rain,0,
2018-10-03,13.8,0.057,rain,0,
2018-10-04,17.2,9.142,rain,0,
2018-10-05,10,0,,0,
2018-10-06,13.8,1.346,rain,0,
2018-10-07,14.1,6.891,rain,0,
2018-10-08,13,0.018,rain,0,
2018-10-09,19.7,0,,0,
2018-10-10,21.6,0,,0,
2018-10-11,18.1,0.001,rain,0,
2018-10-12,9,0.195,rain,0,
2018-10-13,7.6,1.322,rain,0,
2018-10-14,9.8,0,,0,
2018-10-15,10.7,2.439,rain,0,
2018-10-16,7.6,0,,0,
2018-10-17,7.4,0.002,rain,0,
2018-10-18,4.4,0,,0,
2018-10-19,9.5,0,,0,
2018-10-20,9.9,0.005,rain,0,
2018-10-21,4,0,,0,
2018-10-22,7,0,,0,
2018-10-23,6.6,2.578,rain,0,
2018-10-24,4.4,0.242,rain,0,
2018-10-25,5,0,,0,
2018-10-26,6.2,0.001,rain,0,
2018-10-27,4.3,5.196,"rain,snow",0,
2018-10-28,3.7,2.857,"rain,snow",0.6,
2018-10-29,6.5,0.463,rain,0,
2018-10-30,6.1,0,,0,
2018-10-31,9.8,11.22,rain,0,
2018-11-01,7.4,19.838,rain,0,
2018-11-02,5.5,16.535,rain,0,
2018-11-03,5.3,1.317,rain,0,
2018-11-04,5,0.195,rain,0,
2018-11-05,9.4,0.743,rain,0,
2018-11-06,11.2,5.675,rain,0,
2018-11-07,7.6,0.441,rain,0,
2018-11-08,5.3,0.242,rain,0,
2018-11-09,3.9,11.556,rain,0.8,
2018-11-10,0.7,0,,0,
2018-11-11,2.1,0,,0,
2018-11-12,4.5,0,,0,
2018-11-13,1.2,1.272,rain,0.2,
2018-11-14,-2.2,0,,0,
2018-11-15,-0.5,6.003,"rain,snow",0.2,
2018-11-16,1.8,11.482,"rain,snow",4.8,
2018-11-17,2,0.203,rain,0,
2018-11-18,0.9,0,,0,
2018-11-19,1.8,0,,0,
2018-11-20,0.2,0.44,"rain,snow",0,
2018-11-21,-2.9,0.196,"rain,snow",0,
2018-11-22,-8.5,0,,0,
2018-11-23,-0.9,0,"rain,snow",0.6,
2018-11-24,3.8,3.995,rain,0.4,
2018-11-25,6.3,0.449,rain,0,
2018-11-26,4.9,24.39,rain,0,
2018-11-27,1.2,3.072,"rain,snow",0.3,
2018-11-28,1.3,0.258,"rain,snow",0.5,
2018-11-29,2,0,,0,
2018-11-30,1.9,0.195,"rain,snow",0.2,
2018-12-01,3,0.963,rain,0,
2018-12-02,6.7,12.463,rain,0,
2018-12-03,3,2.873,"rain,snow",0,
2018-12-04,-1.7,0,,0,
2018-12-05,-0.9,0,,0,
2018-12-06,0.2,0.197,"rain,snow",0,
2018-12-07,-4.4,0.195,snow,0,
2018-12-08,-1.7,0.495,"rain,snow",0,
2018-12-09,-1.3,0,snow,0.9,
2018-12-10,1,0,,0,
2018-12-11,-0.5,0.001,"rain,snow",0,
2018-12-12,1.1,0,,0,
2018-12-13,1.7,1.745,"rain,snow",0.9,
2018-12-14,4.2,2.845,rain,0,
2018-12-15,3.4,0,,0,
2018-12-16,2.7,0,,0,
2018-12-17,2.4,0,,0,
2018-12-18,-2.2,0,,0,
2018-12-19,2.1,0,,0,
2018-12-20,3.8,0.597,rain,0,
2018-12-21,4.3,15.881,rain,0,
2018-12-22,-0.5,0,,0,
2018-12-23,0.3,0.196,"rain,snow",0,
2018-12-24,1.3,0.428,"rain,snow",0,
2018-12-25,-0.2,0.196,"rain,snow",0,
2018-12-26,0.3,0,,0,
2018-12-27,-1.3,0.446,rain,0,
2018-12-28,7.8,5.076,rain,0,
2018-12-29,-1.6,0.001,snow,1.2,
2018-12-30,-1.2,1.198,"rain,snow",0.7,
2018-12-31,2.4,12.192,rain,0,
2019-01-01,-0.4,3.951,rain,0,
2019-01-02,-4.5,1.091,"rain,snow",3,
2019-01-03,0.5,1.217,"rain,snow",1.8,
2019-01-04,3.6,0,,0,
2019-01-05,2.4,0,,0,
2019-01-06,0.5,0.001,snow,0,
2019-01-07,-2.8,1.232,"rain,snow",0,
2019-01-08,5.6,2.866,rain,0,
2019-01-09,0.2,1.7,"rain,snow",0.6,
2019-01-10,-5.8,0.001,snow,0.4,
2019-01-11,-9.5,0,snow,0.6,
2019-01-12,-5.7,0,snow,0.4,
2019-01-13,-7.5,0,,0,
2019-01-14,-4.1,0,,0,
2019-01-15,-1.1,0,,0,
2019-01-16,-3.5,0.643,"rain,snow",0,
2019-01-17,-6.6,0.002,snow,0,
2019-01-18,-1.6,0.952,"rain,snow",0.6,
2019-01-19,-12.1,4.158,snow,4.1,
2019-01-20,-16.4,4.511,snow,2.3,
2019-01-21,-16.2,0.427,snow,0,
2019-01-22,-8.1,0.001,"rain,snow",0.6,
2019-01-23,2.8,10.713,"rain,snow",2.9,
2019-01-24,0.4,3.973,"rain,snow",0.6,
2019-01-25,-5.5,0.396,snow,0.4,
2019-01-26,-9.3,0.195,snow,6.1,
2019-01-27,-7.8,6.595,snow,3.7,
2019-01-28,-11.3,7.324,snow,12.5,
2019-01-29,-5.5,6.705,"rain,snow",7.5,
2019-01-30,-16.6,0.197,snow,0,
2019-01-31,-16.9,0.001,snow,0,
2019-02-01,-13.3,0,,0,
2019-02-02,-5,0,,0,
2019-02-03,3.9,0.003,"rain,snow",0,
2019-02-04,7.8,1.682,rain,0,
2019-02-05,1.4,0.841,"rain,snow",0.6,
2019-02-06,-2.4,10.357,"rain,snow",1,
2019-02-07,-0.6,0.884,"rain,snow",0.4,
2019-02-08,-2.2,0.345,"rain,snow",0,
2019-02-09,-6,0.001,snow,0,
2019-02-10,-5.1,0.24,snow,1.2,
2019-02-11,-3.8,0.546,snow,0.8,
2019-02-12,-3,16.704,"rain,snow",3.2,
2019-02-13,-1.7,6.227,"rain,snow",2.5,
2019-02-14,-1,1.486,"rain,snow",0.4,
2019-02-15,0.8,0.94,"rain,snow",0,
2019-02-16,-4,0.196,"rain,snow",0,
2019-02-17,-7,0,snow,3.2,
2019-02-18,-7.6,1.792,snow,2.5,
2019-02-19,-7.2,0,,0,
2019-02-20,-2.6,1.709,"rain,snow",0.1,
2019-02-21,2.3,0.397,"rain,snow",0.1,
2019-02-22,0.4,0,,0,
2019-02-23,0.6,0,,0,
2019-02-24,2.7,8.994,"rain,snow",0,
2019-02-25,-4.2,0.397,"rain,snow",0.7,
2019-02-26,-7.6,0.195,snow,0,
2019-02-27,-9.6,7.321,snow,9.9,
2019-02-28,-9.3,0.198,snow,5.9,
2019-03-01,-3.6,0,,0,
2019-03-02,-1.8,2.449,"rain,snow",1.8,
2019-03-03,-3.3,0.391,snow,1.1,
2019-03-04,-9,0.197,snow,0,
2019-03-05,-10.2,0.196,snow,0,
2019-03-06,-10.1,0,,0,
2019-03-07,-7.9,0,,0,
2019-03-08,-5.9,0,,0,
2019-03-09,-2.1,0.67,snow,0,
2019-03-10,3.1,15.193,"rain,snow",0.5,
2019-03-11,1.6,0.062,rain,0,
2019-03-12,0.5,0.195,"rain,snow",0,
2019-03-13,1.3,0,,0,
2019-03-14,5,5.826,rain,0,
2019-03-15,6.5,2.944,rain,0,
2019-03-16,0.3,0.39,"rain,snow",0,
2019-03-17,-1.2,0.195,snow,0,
2019-03-18,1,0,,0,
2019-03-19,1.7,0.36,"rain,snow",0.8,
2019-03-20,4.6,0,"rain,snow",0.7,
2019-03-21,5.1,0.006,rain,0.1,
2019-03-22,2.2,0.195,rain,0.3,
2019-03-23,-0.5,0.195,snow,0,
2019-03-24,4.1,0,,0,
2019-03-25,0,0,"rain,snow",0.6,
2019-03-26,0.2,0,"rain,snow",0.4,
2019-03-27,2.7,0,,0,
2019-03-28,6.2,0.235,rain,0,
2019-03-29,7.5,0,rain,0,
2019-03-30,3.8,22.148,"rain,snow",1.1,
2019-03-31,0.3,15.828,"rain,snow",1.8,
2019-04-01,-0.3,0.24,snow,0.6,
2019-04-02,4.3,0,,0,
2019-04-03,5.5,0.002,rain,0,
2019-04-04,2.2,0,,0,
2019-04-05,2.2,0,,0,
2019-04-06,7.6,0,,0,
2019-04-07,8.8,0,,0,
2019-04-08,10,4.018,rain,0,
2019-04-09,7.7,0,,0,
2019-04-10,3.6,0,,0,
2019-04-11,1.4,0.704,"rain,snow",0,
2019-04-12,8.5,1.352,rain,0,
2019-04-13,10.6,0,,0,
2019-04-14,4.1,20.655,rain,1.1,
2019-04-15,4.8,4.403,rain,0.1,
2019-04-16,4.5,0.006,rain,0,
2019-04-17,7.6,0.038,rain,0,
2019-04-18,12.8,0.003,rain,0,
2019-04-19,10.1,15.069,rain,0,
2019-04-20,6.4,12.542,rain,0,
2019-04-21,8.7,0,,0,
2019-04-22,10.4,0,,0,
2019-04-23,10.1,2.053,rain,0,
2019-04-24,8.1,0,,0,
2019-04-25,8.1,0,,0,
2019-04-26,9,20.407,rain,0,
2019-04-27,5,0,,0,
2019-04-28,6.4,0,,0,
2019-04-29,4.5,0.439,rain,0,
2019-04-30,7.1,0.039,rain,0,
2019-05-01,6.7,14.778,rain,0,
2019-05-02,6,0.057,rain,0,
2019-05-03,8.1,13.053,rain,0,
2019-05-04,9.3,0.467,rain,0,
2019-05-05,11.8,0,,0,
2019-05-06,14.7,0,,0,
2019-05-07,10.5,2.362,rain,0,
2019-05-08,8.4,0,,0,
2019-05-09,10.4,3.201,rain,0,
2019-05-10,12.6,14.248,rain,0,
2019-05-11,8.5,0,,0,
2019-05-12,7.7,1.731,rain,0,
2019-05-13,5.9,9.503,rain,0,
2019-05-14,9.8,1.678,rain,0,
2019-05-15,12.2,4.46,rain,0,
2019-05-16,11.6,0,,0,
2019-05-17,13.6,0.195,rain,0,
2019-05-18,11.3,0,,0,
2019-05-19,13.8,1.479,rain,0,
2019-05-20,13.7,0.195,rain,0,
2019-05-21,13.1,0,,0,
2019-05-22,12.4,0.004,rain,0,
2019-05-23,14.8,0.043,rain,0,
2019-05-24,16,0,,0,
2019-05-25,14.1,22.028,rain,0,
2019-05-26,19,0,,0,
2019-05-27,17.7,0,,0,
2019-05-28,11.7,2.813,rain,0,
2019-05-29,12.1,0.198,rain,0,
2019-05-30,15.5,0,,0,
2019-05-31,14.3,0,,0,
2019-06-01,14.4,0.063,rain,0,
2019-06-02,15.7,1.618,rain,0,
2019-06-03,12.2,0.631,rain,0,
2019-06-04,11.9,0,,0,
2019-06-05,13.5,10.719,rain,0,
2019-06-06,17.6,0.552,rain,0,
2019-06-07,19.6,0,,0,
2019-06-08,19.1,0,,0,
2019-06-09,19.3,0,,0,
2019-06-10,16,25.278,rain,0,
2019-06-11,17.2,0.293,rain,0,
2019-06-12,16.2,0,,0,
2019-06-13,14.6,19.749,rain,0,
2019-06-14,17.2,0.001,rain,0,
2019-06-15,16.6,0.002,rain,0,
2019-06-16,15.7,0.076,rain,0,
2019-06-17,17.3,0,,0,
2019-06-18,19.5,0,,0,
2019-06-19,20.4,0,,0,
2019-06-20,19.3,13.997,rain,0,
2019-06-21,19.4,2.102,rain,0,
2019-06-22,19.9,0,,0,
2019-06-23,20.2,0,,0,
2019-06-24,19.3,0,,0,
2019-06-25,21.2,17.266,rain,0,
2019-06-26,23.5,0.044,rain,0,
2019-06-27,23.4,0,,0,
2019-06-28,22.7,0.191,rain,0,
2019-06-29,23.6,14.747,rain,0,
2019-06-30,21,0,,0,
2019-07-01,21.1,0,,0,
2019-07-02,22.9,0.004,rain,0,
2019-07-03,23.6,0,,0,
2019-07-04,24.3,0,,0,
2019-07-05,25.5,0.008,rain,0,
2019-07-06,25.6,0,,0,
2019-07-07,21.3,0.291,rain,0,
2019-07-08,20.9,0,,0,
2019-07-09,21.8,0,,0,
2019-07-10,22.8,0,,0,
2019-07-11,24.3,0.009,rain,0,
2019-07-12,20.6,0.038,rain,0,
2019-07-13,21.9,16.797,rain,0,
2019-07-14,22.4,0,,0,
2019-07-15,21.7,0,,0,
2019-07-16,24.2,4.416,rain,0,
2019-07-17,23.6,20.426,rain,0,
2019-07-18,23.6,0,,0,
2019-07-19,26,0.001,rain,0,
2019-07-20,27.5,2.363,rain,0,
2019-07-21,24.8,1.473,rain,0,
2019-07-22,21,0.413,rain,0,
2019-07-23,21.5,0.347,rain,0,
2019-07-24,21.8,0,,0,
2019-07-25,21.9,0.806,rain,0,
2019-07-26,23.6,0,,0,
2019-07-27,23.4,1.533,rain,0,
2019-07-28,24.2,0.06,rain,0,
2019-07-29,24.2,0,,0,
2019-07-30,22.7,24.339,rain,0,
2019-07-31,21.8,0,,0,
2019-08-01,21.6,0,,0,
2019-08-02,22.1,0,,0,
2019-08-03,23,0,,0,
2019-08-04,22.5,0,,0,
2019-08-05,22.8,0,,0,
2019-08-06,22.7,5.074,rain,0,
2019-08-07,23.4,0,,0,
2019-08-08,22.3,3.892,rain,0,
2019-08-09,21.3,0,,0,
2019-08-10,20.1,0,,0,
2019-08-11,20.3,0,,0,
2019-08-12,22.4,0.253,rain,0,
2019-08-13,23.2,0,,0,
2019-08-14,21.7,0,,0,
2019-08-15,19.7,2.543,rain,0,
2019-08-16,20.9,0,,0,
2019-08-17,21.6,22.321,rain,0,
2019-08-18,22.1,2.653,rain,0,
2019-08-19,23.6,1.005,rain,0,
2019-08-20,21.9,0.012,rain,0,
2019-08-21,24.5,1.245,rain,0,
2019-08-22,21,0,,0,
2019-08-23,18.7,0,,0,
2019-08-24,17.9,0,,0,
2019-08-25,19.4,0,,0,
2019-08-26,20.7,0,,0,
2019-08-27,20.5,11.866,rain,0,
2019-08-28,22.5,0.057,rain,0,
2019-08-29,20.5,0,,0,
2019-08-30,21,0,,0,
2019-08-31,17.6,0,,0,
2019-09-01,18,0.138,rain,0,
2019-09-02,20,0.004,rain,0,
2019-09-03,18.9,1.531,rain,0,
2019-09-04,19.2,3.697,rain,0,
2019-09-05,16.8,0,,0,
2019-09-06,17,0.579,rain,0,
2019-09-07,17.1,0,,0,
2019-09-08,15.3,0,,0,
2019-09-09,14.3,0,,0,
2019-09-10,17.7,0,,0,
2019-09-11,22.5,14.844,rain,0,
2019-09-12,17.1,0.503,rain,0,
2019-09-13,17.9,3.466,rain,0,
2019-09-14,19.7,1.335,rain,0,
2019-09-15,15.9,2.446,rain,0,
2019-09-16,16.9,0.039,rain,0,
2019-09-17,17.3,0,,0,
2019-09-18,18,0,,0,
2019-09-19,18.7,0,,0,
2019-09-20,19,0,,0,
2019-09-21,21,0,,0,
2019-09-22,23.7,0,,0,
2019-09-23,22.3,0.23,rain,0,
2019-09-24,17.5,0,,0,
2019-09-25,19.6,0,,0,
2019-09-26,18.1,3.212,rain,0,
2019-09-27,16.8,0,,0,
2019-09-28,18.3,4.089,rain,0,
2019-09-29,13,0,,0,
2019-09-30,14.9,0,,0,
2019-10-01,20.6,7.412,rain,0,
2019-10-02,15.9,12.891,rain,0,
2019-10-03,10.9,2.704,rain,0,
2019-10-04,9.9,0,,0,
2019-10-05,10.5,0,,0,
2019-10-06,16.3,0.907,rain,0,
2019-10-07,15.3,0,,0,
2019-10-08,12.7,0,,0,
2019-10-09,13.1,0,,0,
2019-10-10,13.5,0,,0,
2019-10-11,15.1,0,,0,
2019-10-12,12.4,3.267,rain,0,
2019-10-13,11.8,0,,0,
2019-10-14,9.9,0,,0,
2019-10-15,10,0,,0,
2019-10-16,11.6,21.737,rain,0,
2019-10-17,8.4,0.001,rain,0,
2019-10-18,8.1,0,,0,
2019-10-19,8.1,0,,0,
2019-10-20,11.2,0,,0,
2019-10-21,12.1,0,,0,
2019-10-22,14.1,9.341,rain,0,
2019-10-23,11.4,0,,0,
2019-10-24,11.9,0.042,rain,0,
2019-10-25,9.4,0,,0,
2019-10-26,8,0.504,rain,0,
2019-10-27,12.1,45.678,rain,0,
2019-10-28,11.1,0,,0,
2019-10-29,12.1,0.038,rain,0,
2019-10-30,9.1,13.468,rain,0,
2019-10-31,9.1,28.144,rain,0,
2019-11-01,4.6,0.252,rain,0,
2019-11-02,5.6,0.597,rain,0,
2019-11-03,4.1,0.038,rain,0,
2019-11-04,8.4,0.43,rain,0,
2019-11-05,7.3,0.004,rain,0,
2019-11-06,3,0.195,rain,0,
2019-11-07,1,3.689,"rain,snow",1.7,
2019-11-08,-1.7,0.042,snow,0,
2019-11-09,2,0,,0,
2019-11-10,4.7,0.001,rain,0,
2019-11-11,-2.5,9.06,"rain,snow",9.3,
2019-11-12,-6.2,4.008,snow,5.6,
2019-11-13,-6.2,1.033,snow,0,
2019-11-14,0.4,0.737,"rain,snow",0.6,
2019-11-15,1.3,0,,0,
2019-11-16,-4.8,0,,0,
2019-11-17,-0.1,0,,0,
2019-11-18,3,5.135,rain,0.7,
2019-11-19,2.9,0.001,"rain,snow",0,
2019-11-20,5.1,0,,0,
2019-11-21,4.8,2.26,rain,0,
2019-11-22,4,1.432,rain,0,
2019-11-23,2.2,0,,0,
2019-11-24,3.3,0,,0,
2019-11-25,5.4,0,,0,
2019-11-26,7.4,0,,0,
2019-11-27,6.7,6.208,rain,0,
2019-11-28,2.2,0,,0,
2019-11-29,-1.4,0,,0,
2019-11-30,-1.8,0,,0,
2019-12-01,-1.2,12.211,"rain,snow",0.2,
2019-12-02,-1.5,5.69,"rain,snow",9,
2019-12-03,-2,0.436,"rain,snow",0,
2019-12-04,2.3,0.392,"rain,snow",0,
2019-12-05,0.5,0.197,"rain,snow",0.8,
2019-12-06,-0.3,5.416,"rain,snow",2.9,
2019-12-07,-1.9,0,"rain,snow",1.4,
2019-12-08,3.7,0,,0,
2019-12-09,7.3,8.611,rain,0,
2019-12-10,1.8,0.451,"rain,snow",0,
2019-12-11,-4.4,0,,0,
2019-12-12,-3.5,0,,0,
2019-12-13,3.5,0,,0,
2019-12-14,2.7,24.734,"rain,snow",2.3,
2019-12-15,-0.3,0.195,rain,0,
2019-12-16,-0.7,0,,0,
2019-12-17,-0.3,0,"rain,snow",0.2,
2019-12-18,-6.6,0.499,snow,0,
2019-12-19,-9.9,0.915,snow,0.2,
2019-12-20,-5.7,0.196,snow,3.7,
2019-12-21,-0.5,0,"rain,snow",1.2,
2019-12-22,3.3,0,"rain,snow",0.7,
2019-12-23,5.1,0,,0,
2019-12-24,0.9,0,,0,
2019-12-25,1.6,0,,0,
2019-12-26,2.5,0,"rain,snow",0.9,
2019-12-27,5.9,0,rain,0.2,
2019-12-28,3.5,0,rain,0.4,
2019-12-29,1.9,5.316,"rain,snow",0,
2019-12-30,4.1,12.655,"rain,snow",0,
2019-12-31,1.4,2.236,"rain,snow",0.6,
2020-01-01,-0.3,0.195,"rain,snow",0.9,
2020-01-02,4.2,0,,0,
2020-01-03,6,0,rain,0.1,
2020-01-04,1.9,1.256,"rain,snow",0.6,
2020-01-05,0.5,3.817,"rain,snow",3,
2020-01-06,1.5,0.791,"rain,snow",1.8,
2020-01-07,0.8,0,"rain,snow",0.6,
2020-01-08,-3.5,0.88,"rain,snow",0.4,
2020-01-09,-4.7,0.001,snow,0,
2020-01-10,5.7,0,,0,
2020-01-11,6.6,52.472,rain,0.3,
2020-01-12,-2.3,18.154,"rain,snow",0.4,
2020-01-13,-0.5,0.001,snow,0,
2020-01-14,1.7,0.001,"rain,snow",0,
2020-01-15,3.7,0,rain,1.1,
2020-01-16,-0.6,0.001,"rain,snow",0.7,
2020-01-17,-9.8,0,snow,1.8,
2020-01-18,-2.7,16.622,"rain,snow",7.5,
2020-01-19,-3.9,0.308,"rain,snow",3.8,
2020-01-20,-8.5,0.55,snow,0,
2020-01-21,-4.3,0,,0,
2020-01-22,-2,0,,0,
2020-01-23,0.6,0.435,rain,0,
2020-01-24,2.3,11.163,rain,0,
2020-01-25,3.1,17.415,rain,0.6,
2020-01-26,2.5,1.084,"rain,snow",0,
2020-01-27,1.5,0.059,"rain,snow",0,
2020-01-28,0.7,0.39,"rain,snow",0,
2020-01-29,-3.7,0,,0,
2020-01-30,-3.1,0,,0,
2020-01-31,-1.1,0.003,"rain,snow",0,
2020-02-01,-0.3,1.185,"rain,snow",1.8,
2020-02-02,0.9,6.251,"rain,snow",2.2,
2020-02-03,3.7,0.494,rain,0,
2020-02-04,1.9,0,,0,
2020-02-05,-4.1,0.327,snow,1.8,
2020-02-06,-3.5,5.685,snow,3.5,
2020-02-07,-4.6,3.004,snow,1.7,
2020-02-08,-9,0.846,snow,0,
2020-02-09,-2.5,2.555,"rain,snow",0.8,
2020-02-10,2.3,3.179,"rain,snow",0.5,
2020-02-11,1.3,0,,0,
2020-02-12,0.1,0.598,"rain,snow",1.3,
2020-02-13,-3.6,1.943,"rain,snow",1.9,
2020-02-14,-13.1,0.445,snow,0,
2020-02-15,-3.9,0.476,snow,0,
2020-02-16,1.6,0.391,"rain,snow",0,
2020-02-17,-1.8,0.699,"rain,snow",3.6,
2020-02-18,2.3,5.354,"rain,snow",4.2,
2020-02-19,-2.1,0,,0,
2020-02-20,-6.2,0.79,snow,0.6,
2020-02-21,-3.8,0.195,"rain,snow",0.4,
2020-02-22,1.2,0.195,rain,0,
2020-02-23,4.3,0.595,rain,0,
2020-02-24,5.7,0.985,rain,0,
2020-02-25,3.9,0.293,"rain,snow",0.2,
2020-02-26,0.5,6.584,"rain,snow",7.4,
2020-02-27,-3.8,5.673,snow,4.4,
2020-02-28,-4.5,0.838,snow,0.4,
2020-02-29,-7.6,1.075,snow,0,
2020-03-01,-1.5,0.595,"rain,snow",6.1,